,passportfrom_Country_name,Surface_area_covered_percent,UN_World_GDP_percent,UN_population_Value_2015_percent,countryto_Surface_area,countryto_UN_GDP_currentPrices2016,countryto_UN_population_Value_2015_millions,unesco_total_sites,unesco_total_sites_percent,visafree,visafreeTO,Surface_Rank,GDP_Rank,Population_Rank,visafree_countries_Rank,unesco_total_sites_Rank,Overall_ranking_calculation,New_Overall_ranking,country_alpha_2code,country_alpha_3code,country_numeric_code,Region Name,Sub-region Name,Developed / Developing Countries,visaFreeRatio
0,Japan,0.6364257281767306,0.9217097604157141,0.8023326529423631,86657.0,69726.3,5923.629999999998,1024.0,0.8782161234991418,191,68,4,1,1,1,1,8,1,JP,JPN,392,Asia,Eastern Asia,Developed,2.8
1,Singapore,0.6681159207414696,0.9131508749080023,0.6436466969433875,90972.0,69078.83,4752.050000000001,1009.0,0.8653516295025722,190,164,2,2,3,2,3,12,2,SG,SGP,702,Asia,South-eastern Asia,Developing,1.2
2,"Korea, Republic of",0.7373936928070974,0.8133334129996498,0.6606248670935024,100405.0,61527.75200000001,4877.4,1017.0,0.8722126929674092,190,111,1,6,2,2,2,13,3,KR,KOR,410,Asia,Eastern Asia,Developing,1.7
3,France,0.5893127304240535,0.7659371585044735,0.45761823429739357,80242.0,57942.27899999998,3378.600000000002,951.0,0.8156089193825039,189,94,9,7,16,4,5,41,4,FR,FRA,250,Europe,Western Europe,Developed,2.0
4,Germany,0.5975015055595538,0.7651887137293316,0.45382574315895546,81357.0,57885.65999999998,3350.600000000002,951.0,0.8156089193825038,189,94,8,8,17,4,5,42,5,DE,DEU,276,Europe,Western Europe,Developed,2.0
5,Denmark,0.5860151877910135,0.7650411900413367,0.45342211374493596,79793.0,57874.49999999998,3347.620000000002,946.0,0.8113207547169807,188,94,10,9,18,6,7,50,6,DK,DNK,208,Europe,Northern Europe,Developed,2.0
6,Finland,0.5860151877910135,0.7650411900413367,0.45342211374493596,79793.0,57874.49999999998,3347.620000000002,946.0,0.8113207547169807,188,94,10,9,18,6,7,50,6,FI,FIN,246,Europe,Northern Europe,Developed,2.0
7,Sweden,0.5860151877910135,0.7650411900413367,0.45342211374493596,79793.0,57874.49999999998,3347.620000000002,946.0,0.8113207547169807,188,94,10,9,18,6,7,50,6,SE,SWE,752,Europe,Northern Europe,Developed,2.0
8,Italy,0.5860151877910135,0.7650411900413367,0.45342211374493596,79793.0,57874.49999999998,3347.620000000002,946.0,0.8113207547169807,188,94,10,9,18,6,7,50,6,IT,ITA,380,Europe,Southern Europe,Developed,2.0
9,San Marino,0.6080624550168181,0.9057863099815319,0.6070613476075476,82795.0,68521.70900000002,4481.940000000001,959.0,0.8224699828473405,169,94,7,3,4,46,4,64,10,SM,SMR,674,Europe,Southern Europe,Developed,1.8
10,Luxembourg,0.5835842599256766,0.7623276530720856,0.4407484210369483,79462.0,57669.22399999998,3254.050000000002,938.0,0.8044596912521437,187,94,14,13,27,10,11,75,11,LU,LUX,442,Europe,Western Europe,Developed,2.0
11,Switzerland,0.5816160162159779,0.7621443985123478,0.44048701004062013,79194.0,57655.36099999998,3252.120000000002,937.0,0.8036020583190391,186,95,15,15,28,12,12,82,12,CH,CHE,756,Europe,Western Europe,Developed,2.0
12,Spain,0.58025734052085,0.7536238083562599,0.44282074655188053,79009.0,57010.78799999998,3269.350000000002,928.0,0.7958833619210973,187,94,16,22,25,10,15,88,13,ES,ESP,724,Europe,Southern Europe,Developed,2.0
13,Norway,0.5782890968111513,0.7534405537965221,0.44255933555555244,78741.0,56996.92499999998,3267.4200000000023,927.0,0.7950257289879927,186,94,17,23,26,12,16,94,14,NO,NOR,578,Europe,Northern Europe,Developed,2.0
14,Chile,0.6350156431309761,0.7609993053696453,0.44987884345273804,86465.0,57568.735999999975,3321.460000000002,932.0,0.7993138936535157,176,94,5,17,23,36,14,95,15,CL,CHL,152,Americas,Latin America and the Caribbean,Developing,1.9
15,Greece,0.5773123191492485,0.7621533213160572,0.4401253689213476,78608.0,57656.03599999998,3249.450000000002,937.0,0.803602058319039,185,94,22,14,29,19,12,96,16,GR,GRC,300,Europe,Southern Europe,Developed,2.0
16,Brunei Darussalam,0.6174189568308337,0.8625568329720409,0.5740111417971804,84069.0,65251.448000000026,4237.930000000001,884.0,0.7581475128644934,166,63,6,4,5,48,41,104,17,BN,BRN,96,Asia,South-eastern Asia,Developing,2.6
17,Netherlands,0.5778264126555132,0.7509102713870087,0.43014705384389285,78678.0,56805.51199999998,3175.780000000002,920.0,0.7890222984562603,186,94,18,24,33,12,19,106,18,NL,NLD,528,Europe,Western Europe,Developed,2.0
18,Portugal,0.5778264126555132,0.7509102713870087,0.43014705384389285,78678.0,56805.51199999998,3175.780000000002,920.0,0.7890222984562603,186,94,18,24,33,12,19,106,18,PT,PRT,620,Europe,Southern Europe,Developed,2.0
19,Austria,0.5778264126555132,0.7509102713870087,0.43014705384389285,78678.0,56805.51199999998,3175.780000000002,920.0,0.7890222984562603,186,94,18,24,33,12,19,106,18,AT,AUT,40,Europe,Western Europe,Developed,2.0
20,Iceland,0.5717160441239112,0.7611054272484289,0.42664170846307925,77846.0,57576.76399999998,3149.9000000000024,927.0,0.7950257289879927,182,93,24,16,40,25,16,121,21,IS,ISL,352,Europe,Northern Europe,Developed,2.0
21,Belgium,0.5776354636389006,0.7507982538482928,0.42857181556032015,78652.0,56797.037999999986,3164.150000000002,920.0,0.7890222984562603,185,94,21,28,38,19,19,125,22,BE,BEL,56,Europe,Western Europe,Developed,2.0
22,Ireland,0.5766219650122646,0.7508669396084023,0.43007255848224496,78514.0,56802.23399999998,3175.230000000002,918.0,0.787307032590051,185,88,23,27,36,19,26,131,23,IE,IRL,372,Europe,Northern Europe,Developed,2.1
23,United Kingdom,0.5682936502107782,0.748000419517183,0.4320717430966501,77380.0,56585.38499999998,3189.9900000000025,905.0,0.7761578044596906,186,90,25,30,32,12,33,132,24,GB,GBR,826,Europe,Northern Europe,Developed,2.1
24,New Zealand,0.5670010722521701,0.7569581873981247,0.4268475865534516,77204.0,57263.02999999999,3151.4200000000023,919.0,0.7881646655231557,182,62,26,21,39,25,24,135,25,NZ,NZL,554,Oceania,Australia and New Zealand,Developed,2.9
25,Czech Republic,0.519462111308588,0.7448938561777289,0.43709137601059717,70731.0,56350.37699999998,3227.050000000002,919.0,0.7881646655231556,184,94,32,31,30,23,24,140,26,CZ,CZE,203,Europe,Eastern Europe,Developed,2.0
26,Monaco,0.5622714119945357,0.7602656394012398,0.4234113186898026,76560.0,57513.23499999998,3126.0500000000025,921.0,0.789879931389365,175,94,27,18,43,37,18,143,27,MC,MCO,492,Europe,Western Europe,Developed,1.9
27,Liechtenstein,0.5514020064335129,0.7592768209036518,0.4239233049934917,75080.0,57438.43199999998,3129.8300000000027,920.0,0.7890222984562602,179,94,29,19,42,35,19,144,28,LI,LIE,438,Europe,Western Europe,Developed,1.9
28,Malta,0.5620878071708698,0.7497906379775571,0.41618662307107784,76535.0,56720.81299999998,3072.7100000000023,911.0,0.7813036020583186,183,94,28,29,45,24,29,155,29,MT,MLT,470,Europe,Southern Europe,Developed,1.9
29,Andorra,0.5418031462522581,0.7585060228528469,0.42419284275654495,73773.0,57380.12199999999,3131.8200000000015,916.0,0.7855917667238417,170,94,30,20,41,42,28,161,30,AD,AND,20,Europe,Southern Europe,Developed,1.8
30,United Arab Emirates,0.5192564739060823,0.6276916661859366,0.5554699235135805,70703.0,47484.164000000026,4101.04,902.0,0.7735849056603765,165,71,33,41,6,49,35,164,31,AE,ARE,784,Asia,Western Asia,Developing,2.3
31,Slovakia,0.5101937398099321,0.7409457865251863,0.4290404591081414,69469.0,56051.70999999998,3167.610000000002,906.0,0.7770154373927952,181,94,39,33,37,28,32,169,32,SK,SVK,703,Europe,Eastern Europe,Developed,1.9
32,Hungary,0.5111337965071016,0.7439347407022666,0.4232623279665067,69597.0,56277.82099999998,3124.9500000000025,909.0,0.7795883361921092,181,94,38,32,44,28,30,172,33,HU,HUN,348,Europe,Eastern Europe,Developed,1.9
33,Hong Kong,0.6528546877983579,0.5255178306171084,0.39669592754174776,88894.0,39754.82899999999,2928.810000000002,917.0,0.7864493996569464,170,145,3,50,53,42,27,175,34,HK,HKG,344,Asia,Eastern Asia,Developing,1.2
34,"Taiwan, Province of China",0.4733919889543336,0.8255585529713408,0.5239881836811816,64458.0,62452.57000000002,3868.6100000000015,816.0,0.6998284734133785,150,71,48,5,8,58,56,175,34,TW,TWN,158,,,,2.1
35,Lithuania,0.5021665369192576,0.7400293286609391,0.4157816391959375,68376.0,55982.38099999998,3069.7200000000025,899.0,0.7710120068610629,181,94,41,34,46,28,36,185,36,LT,LTU,440,Europe,Northern Europe,Developed,1.9
36,Slovenia,0.5021665369192576,0.7400293286609391,0.4157816391959375,68376.0,55982.38099999998,3069.7200000000025,899.0,0.7710120068610629,181,94,41,34,46,28,36,185,36,SI,SVN,705,Europe,Southern Europe,Developed,1.9
37,Latvia,0.5021665369192576,0.7400293286609391,0.4157816391959375,68376.0,55982.38099999998,3069.7200000000025,899.0,0.7710120068610629,181,94,41,34,46,28,36,185,36,LV,LVA,428,Europe,Northern Europe,Developed,1.9
38,United States,0.5128890586213478,0.7180075054130354,0.3884608039268535,69836.0,54316.45500000001,2868.010000000002,880.0,0.7547169811320749,186,43,36,40,57,12,44,189,39,US,USA,840,Americas,Northern America,Developed,4.3
39,Canada,0.5148058929804201,0.7216941170884408,0.39190519855722783,70097.0,54595.343,2893.440000000002,881.0,0.7555746140651796,185,55,35,39,56,19,42,191,40,CA,CAN,124,Americas,Northern America,Developed,3.4
40,Australia,0.5096355811459876,0.7258891831666272,0.39609996464856456,69393.0,54912.694999999985,2924.410000000002,891.0,0.7641509433962258,182,35,40,38,54,25,40,197,41,AU,AUS,36,Oceania,Australia and New Zealand,Developed,5.2
41,Barbados,0.45004479957697435,0.6127857061919285,0.5159792550734728,61279.0,46356.54500000002,3809.4800000000014,878.0,0.7530017152658657,160,117,54,42,9,51,45,201,42,BB,BRB,52,Americas,Latin America and the Caribbean,Developing,1.4
42,Estonia,0.5020857507968446,0.7400162947580392,0.41551345589400507,68365.0,55981.39499999998,3067.7400000000025,897.0,0.7692967409948537,180,94,44,37,49,33,39,202,43,EE,EST,233,Europe,Northern Europe,Developed,1.9
43,Argentina,0.5117213319428328,0.49199751409366754,0.4065767214184998,69677.0,37219.05499999998,3001.760000000002,905.0,0.7761578044596907,171,88,37,55,50,41,33,216,44,AR,ARG,32,Americas,Latin America and the Caribbean,Developing,1.9
44,Seychelles,0.4921417135470981,0.5311562097664173,0.5468487784792382,67011.0,40181.366,4037.3900000000012,801.0,0.6869639794168094,152,199,46,49,7,55,59,216,44,SC,SYC,690,Africa,Sub-Saharan Africa,Developing,0.8
45,Malaysia,0.458894552077672,0.4949350597024136,0.3975966441871268,62484.0,37441.276999999995,2935.4600000000023,909.0,0.7795883361921093,180,163,51,52,52,33,30,218,46,MY,MYS,458,Asia,South-eastern Asia,Developing,1.1
46,Bahamas,0.4266315124630951,0.6047973778008149,0.5143850543342079,58091.0,45752.23700000002,3797.710000000002,850.0,0.728987993138936,155,122,65,43,10,53,51,222,47,BS,BHS,44,Americas,Latin America and the Caribbean,Developing,1.3
47,Grenada,0.479898943905054,0.5205733151221775,0.5081382796447519,65344.0,39380.782,3751.5900000000015,795.0,0.6818181818181815,144,102,47,51,11,66,61,236,48,GD,GRD,308,Americas,Latin America and the Caribbean,Developing,1.4
48,Brazil,0.5163334851133208,0.4240707210582451,0.3856286257231127,70305.0,32080.469999999998,2847.100000000002,881.0,0.7555746140651798,172,95,34,69,58,40,42,243,49,BR,BRA,76,Americas,Latin America and the Caribbean,Developing,1.8
49,Serbia,0.493537110206959,0.5476015318563655,0.48651837123341274,67201.0,41425.43600000003,3591.9700000000003,793.0,0.6801029159519725,130,91,45,48,12,76,62,243,49,RS,SRB,688,Europe,Southern Europe,Developed,1.4
50,Poland,0.43998325524008136,0.48581871707584573,0.38223976399869414,59909.0,36751.635999999984,2822.0800000000017,875.0,0.7504288164665517,175,94,59,56,59,37,46,257,51,PL,POL,616,Europe,Eastern Europe,Developed,1.9
51,Mauritius,0.41121605146810414,0.553866728052031,0.4605858586132215,55992.0,41899.391000000025,3400.510000000001,772.0,0.6620926243567751,146,183,72,47,14,62,66,261,52,MU,MUS,480,Africa,Sub-Saharan Africa,Developing,0.8
52,Romania,0.42653603795478884,0.4921383489836226,0.369184113254621,58078.0,37229.70899999999,2725.690000000002,872.0,0.7478559176672379,170,94,66,53,61,42,47,269,53,RO,ROU,642,Europe,Eastern Europe,Developed,1.8
53,Bulgaria,0.42653603795478884,0.4921383489836226,0.369184113254621,58078.0,37229.70899999999,2725.690000000002,872.0,0.7478559176672379,170,94,66,53,61,42,47,269,53,BG,BGR,100,Europe,Eastern Europe,Developed,1.8
54,Cyprus,0.42888617969771264,0.4842129693203076,0.365034044380273,58398.0,36630.162999999986,2695.050000000002,857.0,0.7349914236706684,174,94,63,57,65,39,49,273,55,CY,CYP,196,Asia,Western Asia,Developed,1.9
55,Israel,0.5373745979054361,0.47066769062558866,0.317591334699533,73170.0,35605.47800000001,2344.780000000001,852.0,0.7307032590051457,162,100,31,60,83,50,50,274,56,IL,ISR,376,Asia,Western Asia,Developed,1.6
56,Uruguay,0.4558760887766042,0.48043699741812385,0.3676440909601909,62073.0,36344.514999999985,2714.320000000002,843.0,0.7229845626072038,155,84,52,58,63,53,53,279,57,UY,URY,858,Americas,Latin America and the Caribbean,Developing,1.8
57,Croatia,0.41700327551005384,0.47538618819781947,0.34934938460058956,56780.0,35962.427,2579.2500000000023,848.0,0.7272727272727267,169,94,69,59,72,46,52,298,58,HR,HRV,191,Europe,Southern Europe,Developed,1.8
58,Bosnia and Herzegovina,0.43467340373966284,0.4678329753724802,0.47253085123818045,59186.0,35391.034999999996,3488.7,729.0,0.625214408233276,119,102,62,62,13,91,75,303,59,BA,BIH,70,Europe,Southern Europe,Developed,1.2
59,Macao,0.4388155285615663,0.46521424484501206,0.35513157912558707,59750.0,35192.931000000004,2621.9400000000014,823.0,0.7058319039451114,145,191,60,64,69,64,55,312,60,MO,MAC,446,Asia,Eastern Asia,Developing,0.8
60,Mexico,0.41649652619673605,0.4695388039382162,0.3314176738213816,56711.0,35520.079000000005,2446.8600000000015,835.0,0.7161234991423665,159,69,70,61,76,52,54,313,61,MX,MEX,484,Americas,Latin America and the Caribbean,Developing,2.3
61,Paraguay,0.4479370162012895,0.4066841819761268,0.3647929503007581,60992.0,30765.197999999993,2693.2700000000013,808.0,0.6929674099485418,144,67,56,70,66,66,58,316,62,PY,PRY,600,Americas,Latin America and the Caribbean,Developing,2.1
62,Panama,0.4354225114202199,0.39820888000597704,0.35627068092823927,59288.0,30124.05099999999,2630.350000000002,801.0,0.6869639794168094,142,120,61,71,68,68,59,327,63,PA,PAN,591,Americas,Latin America and the Caribbean,Developing,1.2
63,Peru,0.44955273864954964,0.37366642419553453,0.36234950243870717,61212.0,28267.44199999999,2675.230000000002,786.0,0.6740994854202401,135,101,55,75,67,74,63,334,64,PE,PER,604,Americas,Latin America and the Caribbean,Developing,1.3
64,Saint Kitts and Nevis,0.4149469014849957,0.3838693528104083,0.3288834770642326,56500.0,29039.281999999992,2428.150000000001,777.0,0.6663807890222981,152,119,71,73,77,55,65,341,65,KN,KNA,659,Americas,Latin America and the Caribbean,Developing,1.3
65,Costa Rica,0.3189876764442355,0.45946873917531716,0.3424091258172478,43434.0,34758.29,2528.0100000000016,812.0,0.6963979416809604,150,98,90,65,73,58,57,343,66,CR,CRI,188,Americas,Latin America and the Caribbean,Developing,1.5
66,"Venezuela, Bolivarian Republic of",0.44460275260351617,0.3623263999138758,0.34995753764386056,60538.0,27409.581999999988,2583.740000000002,766.0,0.6569468267581474,139,71,58,78,71,69,69,345,67,VE,VEN,862,Americas,Latin America and the Caribbean,Developing,2.0
67,Holy See (Vatican City State),0.4269913779174804,0.38053155005571265,0.32301053364413695,58140.0,28786.781,2384.790000000002,768.0,0.6586620926243566,149,94,64,74,79,60,68,345,67,VA,VAT,336,Europe,Southern Europe,Developed,1.6
68,Trinidad and Tobago,0.3209926411186673,0.38955451388909085,0.36594830563686076,43707.0,29469.357999999993,2701.8000000000025,780.0,0.668953687821612,149,105,89,72,64,60,64,349,69,TT,TTO,780,Americas,Latin America and the Caribbean,Developing,1.4
69,Ecuador,0.4666279872504809,0.3074040579166368,0.45990998251390686,63537.0,23254.769,3395.5199999999995,384.0,0.32933104631217824,94,186,49,90,15,99,97,350,70,EC,ECU,218,Americas,Latin America and the Caribbean,Developing,0.5
70,Tonga,0.25432940174204244,0.4670294603747409,0.4502662193333073,34630.0,35330.25000000001,3324.3200000000015,693.0,0.5943396226415091,125,70,104,63,22,84,85,358,71,TO,TON,776,Oceania,Polynesia,Developing,1.8
71,El Salvador,0.3937589048339477,0.4471047075020343,0.32585219307572383,53615.0,33822.965,2405.7700000000004,763.0,0.6543739279588333,138,89,76,66,78,70,70,360,72,SV,SLV,222,Americas,Latin America and the Caribbean,Developing,1.6
72,Honduras,0.40044212041538746,0.4466244359400064,0.3175127759545225,54525.0,33786.633,2344.2000000000003,771.0,0.6612349914236704,138,86,74,67,84,70,67,362,73,HN,HND,340,Americas,Latin America and the Caribbean,Developing,1.6
73,Ukraine,0.447665281062264,0.3427795112545505,0.33504356624195275,60955.0,25930.881999999994,2473.630000000002,762.0,0.6535162950257289,129,72,57,83,75,78,71,364,74,UA,UKR,804,Europe,Eastern Europe,Developed,1.8
74,Guatemala,0.4048045710256899,0.44530054302993666,0.3185597744009556,55119.0,33686.481999999996,2351.93,762.0,0.6535162950257288,137,87,73,68,80,73,71,365,75,GT,GTM,320,Americas,Latin America and the Caribbean,Developing,1.6
75,Fiji,0.4195517104625371,0.29242660974120605,0.4433002257886689,57127.0,22121.74200000001,3272.8900000000003,349.0,0.29931389365351635,90,109,68,94,24,101,99,386,76,FJ,FJI,242,Oceania,Melanesia,Developing,0.8
76,Antigua and Barbuda,0.28093741278770856,0.35455662072828376,0.31443408582678334,38253.0,26821.80699999999,2321.4700000000003,736.0,0.6312178387650083,151,106,95,81,85,57,73,391,77,AG,ATG,28,Americas,Latin America and the Caribbean,Developing,1.4
77,Belarus,0.45132268914968915,0.26993226124679104,0.4335169531126194,61453.0,20420.070000000007,3200.6599999999994,365.0,0.31303602058319024,78,93,53,98,31,112,98,392,78,BY,BLR,112,Europe,Eastern Europe,Developed,0.8
78,Marshall Islands,0.26873870830334445,0.5694446214317443,0.3177470977284333,36592.0,43077.841,2345.930000000001,695.0,0.5960548885077185,125,95,98,45,82,84,83,392,78,MH,MHL,584,Oceania,Micronesia,Developing,1.3
79,Dominica,0.3804952923723211,0.3618963472130211,0.3077118952839018,51809.0,27377.048999999985,2271.8400000000006,716.0,0.6140651801029157,138,197,81,79,88,70,76,394,80,DM,DMA,212,Americas,Latin America and the Caribbean,Developing,0.7
80,Nicaragua,0.38705365667366803,0.3644203638314853,0.31180101340781063,52702.0,27567.987999999987,2302.03,703.0,0.6029159519725555,129,162,79,77,86,78,80,400,81,NI,NIC,558,Americas,Latin America and the Caribbean,Developing,0.8
81,Saint Vincent and the Grenadines,0.28834770347086547,0.3582646206946547,0.30003480965080637,39262.0,27102.31299999999,2215.1600000000003,731.0,0.6269296740994852,145,190,93,80,90,64,74,401,82,VC,VCT,670,Americas,Latin America and the Caribbean,Developing,0.8
82,Russian Federation,0.46402079875442476,0.19317830373879488,0.3517088558731465,63182.0,14613.719999999998,2596.6700000000005,468.0,0.4013722126929673,120,47,50,102,70,90,95,407,83,RU,RUS,643,Europe,Eastern Europe,Developed,2.6
83,Palau,0.2598081696802338,0.5707014809527619,0.30976254942090026,35376.0,43172.920999999995,2286.980000000001,693.0,0.5943396226415092,119,197,100,44,87,91,85,407,83,PW,PLW,585,Oceania,Micronesia,Developing,0.6
84,Samoa,0.3901382177112556,0.3512417925407688,0.30431626125387884,53122.0,26571.04399999999,2246.770000000001,701.0,0.6012006861063462,129,199,77,82,89,78,81,407,83,WS,WSM,882,Oceania,Polynesia,Developing,0.6
85,Colombia,0.39651297718893663,0.33915510804471,0.28427159112611244,53990.0,25656.699999999983,2098.7799999999997,708.0,0.6072041166380787,128,99,75,84,92,81,78,410,86,CO,COL,170,Americas,Latin America and the Caribbean,Developing,1.3
86,"Micronesia, Federated States of",0.252214274173411,0.5565025903626212,0.27756023627219795,34342.0,42098.791000000005,2049.2300000000005,694.0,0.5951972555746138,122,199,106,46,95,89,84,420,87,FM,FSM,583,Oceania,Micronesia,Developing,0.6
87,"Macedonia, the former Yugoslav Republic of",0.27138261776413375,0.3683152535739199,0.28087189371272697,36952.0,27862.631999999998,2073.6800000000007,706.0,0.6054888507718695,126,84,96,76,93,83,79,427,88,MK,MKD,807,Europe,Southern Europe,Developed,1.5
88,Montenegro,0.3851808874722756,0.3286116455833814,0.26942805170248996,52447.0,24859.098999999987,1989.1900000000003,715.0,0.6132075471698112,124,96,80,87,98,86,77,428,89,ME,MNE,499,Europe,Southern Europe,Developed,1.3
89,Saint Lucia,0.22236747403827775,0.3329728873140575,0.2757940189705825,30278.0,25189.021999999994,2036.1900000000003,700.0,0.6003430531732417,146,146,112,85,96,62,82,437,90,LC,LCA,662,Americas,Latin America and the Caribbean,Developing,1.0
90,Vanuatu,0.30498230049499864,0.3112239828889443,0.26708754288562525,41527.0,23543.741999999995,1971.9100000000005,668.0,0.5728987993138934,130,120,92,88,99,76,90,445,91,VU,VUT,548,Oceania,Melanesia,Least Developed,1.1
91,Solomon Islands,0.2601313141698856,0.33269688847161605,0.26470098239065104,35420.0,25168.14299999999,1954.2900000000002,676.0,0.5797598627787304,131,77,99,86,100,75,88,448,92,SB,SLB,90,Oceania,Melanesia,Least Developed,1.7
92,"Moldova, Republic of",0.3443838956537066,0.2804043677163815,0.2625541615140709,46892.0,21212.272999999994,1938.4400000000003,684.0,0.5866209262435678,123,102,87,96,101,88,87,459,93,MD,MDA,498,Europe,Eastern Europe,Developed,1.2
93,Georgia,0.28787767512228074,0.29702304335869245,0.2781683893154689,39198.0,22469.45699999999,2053.7200000000007,674.0,0.5780445969125213,115,94,94,93,94,94,89,464,94,GE,GEO,268,Asia,Western Asia,Developing,1.2
94,Qatar,0.21458262951484253,0.2861505078965624,0.4064764912955556,29218.0,21646.96200000001,3001.0199999999995,346.0,0.29674099485420224,86,94,114,95,51,105,100,465,95,QA,QAT,634,Asia,Western Asia,Developing,0.9
95,Turkey,0.31288465210558003,0.2314313150065907,0.291183406225916,42603.0,17507.516999999993,2149.81,420.0,0.36020583190394495,112,78,91,99,91,95,96,472,96,TR,TUR,792,Asia,Western Asia,Developing,1.4
96,Albania,0.23592485421776987,0.30471147301239204,0.2695336996699178,32124.0,23051.07799999999,1989.97,640.0,0.5488850771869639,116,90,109,91,97,93,91,481,97,AL,ALB,8,Europe,Southern Europe,Developed,1.3
97,South Africa,0.3879055830554779,0.1496191456559535,0.2520110361492129,52818.0,11318.518999999997,1860.6000000000006,320.0,0.2744425385934819,102,77,78,106,104,96,102,486,98,ZA,ZAF,710,Africa,Sub-Saharan Africa,Developing,1.3
98,Tuvalu,0.17834638151613516,0.30369574069502275,0.25142320002275503,24284.0,22974.238999999998,1856.2600000000002,628.0,0.5385934819897084,128,199,121,92,105,81,93,492,99,TV,TUV,798,Oceania,Polynesia,Least Developed,0.6
99,Kiribati,0.1782655953937221,0.30781103029856316,0.24967594517683175,24273.0,23285.555999999997,1843.3600000000001,640.0,0.548885077186964,124,73,122,89,107,86,91,495,100,KI,KIR,296,Oceania,Micronesia,Least Developed,1.7
100,Maldives,0.16052202523464698,0.1371093087605752,0.3952737433648336,21857.0,10372.164,2918.310000000001,266.0,0.22813036020583177,87,199,123,113,55,103,110,504,101,MV,MDV,462,Asia,Southern Asia,Developing,0.4
101,China,0.20842085163261395,0.20134724289595451,0.37386106750498777,28379.0,15231.691000000004,2760.220000000001,255.0,0.21869639794168075,75,19,116,100,60,116,113,505,102,CN,CHN,156,Asia,Eastern Asia,Developing,3.9
102,Thailand,0.36690853542104246,0.19965242573094427,0.24720269917012166,49959.0,15103.48,1825.1000000000001,305.0,0.2615780445969124,76,79,83,101,109,115,103,511,103,TH,THA,764,Asia,South-eastern Asia,Developing,1.0
103,Kazakhstan,0.37668365623301653,0.14772502610349697,0.2622615979119627,51290.0,11175.231000000003,1936.2800000000002,298.0,0.25557461406518,77,62,82,108,102,113,106,511,103,KZ,KAZ,398,Asia,Central Asia,Developing,1.2
104,Guyana,0.3556939527915276,0.13974086168744784,0.2449312678704215,48432.0,10571.238000000001,1808.3300000000004,277.0,0.23756432246998274,89,56,85,110,110,102,108,515,105,GY,GUY,328,Americas,Latin America and the Caribbean,Developing,1.6
105,"Bolivia, Plurinational State of",0.36458777044990515,0.13703840221376476,0.2522643203788157,49643.0,10366.800000000001,1862.47,283.0,0.2427101200686105,80,198,84,114,103,111,107,519,106,BO,BOL,68,Americas,Latin America and the Caribbean,Developing,0.4
106,Belize,0.23354533570305946,0.16238003720029226,0.2483553455839828,31800.0,12283.865999999998,1833.6100000000006,332.0,0.2847341337907375,102,107,110,105,108,96,101,520,107,BZ,BLZ,84,Americas,Latin America and the Caribbean,Developing,1.0
107,Timor-Leste,0.14489358264420324,0.2735275034122123,0.21247431603099562,19729.0,20692.046,1568.7000000000007,572.0,0.490566037735849,98,199,130,97,114,98,94,533,108,TL,TLS,626,Asia,South-eastern Asia,Least Developed,0.5
108,Jamaica,0.25234646964645036,0.13901280056166868,0.2497558583829631,34360.0,10516.161000000002,1843.9500000000003,302.0,0.25900514579759853,84,122,105,112,106,106,104,533,108,JM,JAM,388,Americas,Latin America and the Caribbean,Developing,0.7
109,Suriname,0.21104272851456338,0.1811743699852852,0.21751020247839303,28736.0,13705.636,1605.8799999999999,267.0,0.2289879931389364,81,71,115,103,113,110,109,550,110,SR,SUR,740,Americas,Latin America and the Caribbean,Developing,1.1
110,Kuwait,0.16004465269311557,0.1390527747222866,0.23150584924035053,21792.0,10519.185,1709.2100000000005,299.0,0.2564322469982846,92,60,124,111,111,100,105,551,111,KW,KWT,414,Asia,Western Asia,Developing,1.5
111,Mongolia,0.3468735770626165,0.12731070873393635,0.22611509397928495,47231.0,9630.911000000002,1669.4100000000003,262.0,0.2246998284734133,62,22,86,115,112,138,111,562,112,MN,MNG,496,Asia,Eastern Asia,Developing,2.8
112,Tunisia,0.22125850090333565,0.1654043785559356,0.19734769423311083,30127.0,12512.654000000002,1457.02,262.0,0.22469982847341333,67,97,113,104,124,127,111,579,113,TN,TUN,788,Africa,Northern Africa,Developing,0.7
113,Papua New Guinea,0.20327257237702134,0.1226548690721981,0.1947241030419843,27678.0,9278.702,1437.65,237.0,0.2032590051457975,84,72,118,116,126,106,115,581,114,PG,PNG,598,Oceania,Melanesia,Developing,1.2
114,Bahrain,0.1491532145532528,0.1022400626008045,0.20818067427783518,20309.0,7734.345,1537.0000000000002,244.0,0.20926243567752995,82,71,127,119,116,109,114,585,115,BH,BHR,48,Asia,Western Asia,Developing,1.2
115,Indonesia,0.22354988910268642,0.09273034991085385,0.2112972893169588,30439.0,7014.946000000004,1560.0100000000002,233.0,0.199828473413379,72,170,111,124,115,121,116,587,116,ID,IDN,360,Asia,South-eastern Asia,Developing,0.4
116,Namibia,0.1881141581351624,0.11435815536592032,0.2039506921973559,25614.0,8651.064999999999,1505.7700000000002,224.0,0.19210977701543736,75,54,120,117,117,116,121,591,117,,NAM,516,Africa,Sub-Saharan Africa,Developing,1.4
117,Kyrgyzstan,0.26939234147559526,0.0746550629151516,0.2004968163391354,36681.0,5647.571000000002,1480.2700000000002,229.0,0.19639794168096056,65,82,97,129,120,133,118,597,118,KG,KGZ,417,Asia,Central Asia,Developing,0.8
118,Armenia,0.3322366005199688,0.09239860667842374,0.19444914743444747,45238.0,6989.850000000004,1435.6200000000003,227.0,0.19468267581475127,62,134,88,125,127,138,119,597,118,AM,ARM,51,Asia,Western Asia,Developing,0.5
119,Oman,0.14627429091817104,0.09982191670072309,0.19886469068848614,19917.0,7551.415,1468.2200000000003,230.0,0.19725557461406515,77,76,128,120,122,113,117,600,120,OM,OMN,512,Asia,Western Asia,Developing,1.0
120,Philippines,0.20185514313832045,0.08883963736245193,0.19970851996678862,27485.0,6720.618000000002,1474.45,217.0,0.18610634648370492,67,161,119,126,121,127,126,619,121,PH,PHL,608,Asia,South-eastern Asia,Developing,0.4
121,Saudi Arabia,0.14235249188466678,0.09637007390513759,0.19814276291106206,19383.0,7290.287,1462.8900000000003,221.0,0.1895368782161235,74,5,131,123,123,119,123,619,121,SA,SAU,682,Asia,Western Asia,Developing,14.8
122,India,0.13491282442972344,0.06882002517208846,0.31849746918939564,18370.0,5206.157000000002,2351.4700000000007,197.0,0.1689536878216123,62,5,139,134,81,138,131,623,123,IN,IND,356,Asia,Southern Asia,Developing,12.4
123,Morocco,0.2069740456221265,0.09833578739076437,0.1898602331569373,28182.0,7438.991000000001,1401.74,226.0,0.19382504288164668,62,72,117,121,128,138,120,624,124,MA,MAR,504,Africa,Northern Africa,Developing,0.9
124,Azerbaijan,0.25781789339169525,0.07279573568767742,0.17421891613312182,35105.0,5506.915000000003,1286.26,219.0,0.18782161234991426,67,25,101,131,142,127,125,626,125,AZ,AZE,31,Asia,Western Asia,Developing,2.7
125,Dominican Republic,0.1306899134854071,0.1487577447953352,0.18265720891614673,17795.0,11253.355000000003,1348.56,222.0,0.19039451114922806,66,108,144,107,133,130,122,636,126,DO,DOM,214,Americas,Latin America and the Caribbean,Developing,0.6
126,Botswana,0.1317988866203493,0.09778064359138856,0.17593095498990258,17946.0,7396.995000000001,1298.9,205.0,0.17581475128644936,83,105,143,122,140,108,128,641,127,BW,BWA,72,Africa,Sub-Saharan Africa,Developing,0.8
127,Nauru,0.12155373745979055,0.11368176718784477,0.1710928198661522,16551.0,8599.897,1263.1799999999998,221.0,0.18953687821612342,87,15,152,118,146,103,123,642,128,NR,NRU,520,Oceania,Micronesia,Developing,5.8
128,Cape Verde,0.15101129536875196,0.0595444600704402,0.20242827789749715,20562.0,4504.471000000001,1494.5300000000002,177.0,0.1518010291595197,66,198,125,137,118,130,133,643,129,CV,CPV,132,Africa,Sub-Saharan Africa,Developing,0.3
129,Uzbekistan,0.25663547832728667,0.07365775783981326,0.17127567211746966,34944.0,5572.126000000002,1264.5300000000004,209.0,0.1792452830188679,59,19,102,130,145,143,127,647,130,UZ,UZB,860,Asia,Central Asia,Developing,3.1
130,Tajikistan,0.24960708567735496,0.0702666694232622,0.17741815330061858,33987.0,5315.594000000001,1309.88,201.0,0.1723842195540309,59,83,107,133,138,143,130,651,131,TJ,TJK,762,Asia,Central Asia,Developing,0.7
131,Cuba,0.25588637064672964,0.06123669953660112,0.16686961009127718,34842.0,4632.487000000002,1231.9999999999998,190.0,0.16295025728987986,66,19,103,136,151,130,132,652,132,CU,CUB,192,Americas,Latin America and the Caribbean,Developing,3.5
132,Lao People's Democratic Republic,0.24657393399039385,0.07113902880873245,0.20211133399521336,33574.0,5381.587000000001,1492.1900000000003,169.0,0.14493996569468268,53,167,108,132,119,163,137,659,133,LA,LAO,418,Asia,South-eastern Asia,Least Developed,0.3
133,Lesotho,0.11827822740559041,0.14361267111095438,0.1684299493025203,16105.0,10864.136000000002,1243.52,204.0,0.1749571183533447,75,72,158,109,150,116,129,662,134,LS,LSO,426,Africa,Sub-Saharan Africa,Least Developed,1.0
134,Benin,0.1494616706570115,0.05770448541278901,0.1972149570432656,20351.0,4365.279000000001,1456.0400000000004,173.0,0.1483704974271012,62,199,126,138,125,138,135,662,134,BJ,BEN,204,Africa,Sub-Saharan Africa,Least Developed,0.3
135,Swaziland,0.11889513961310792,0.07957423764754812,0.16516705246234265,16189.0,6019.701000000001,1219.43,177.0,0.15180102915951965,73,94,156,127,153,120,133,689,136,SZ,SWZ,748,Africa,Sub-Saharan Africa,Developing,0.8
136,Kenya,0.1404136249467546,0.04988514831444671,0.17867102983742408,19119.0,3773.755,1319.13,154.0,0.1320754716981132,72,187,133,151,137,121,147,689,136,KE,KEN,404,Africa,Sub-Saharan Africa,Developing,0.4
137,Gambia,0.12839118109310968,0.049151257623577416,0.1856600492211172,17482.0,3718.2370000000005,1370.7300000000002,158.0,0.13550600343053174,69,125,145,153,129,124,142,693,138,GM,GMB,270,Africa,Sub-Saharan Africa,Least Developed,0.6
138,Zimbabwe,0.14203669158796142,0.05268763572245393,0.16900153189552775,19340.0,3985.76,1247.74,155.0,0.13293310463121782,65,145,132,143,148,133,144,700,139,ZW,ZWE,716,Africa,Sub-Saharan Africa,Developing,0.4
139,"Tanzania, United Republic of",0.13564724372438716,0.05115435435200433,0.16998757959152166,18470.0,3869.7690000000002,1255.02,150.0,0.1286449399656947,69,176,137,148,147,124,152,708,140,TZ,TZA,834,Africa,Sub-Saharan Africa,Least Developed,0.4
140,Malawi,0.11876294414006845,0.0558732352743203,0.1618391414883632,16171.0,4226.747000000001,1194.86,169.0,0.14493996569468262,72,146,157,140,155,121,137,710,141,MW,MWI,454,Africa,Sub-Saharan Africa,Least Developed,0.5
141,Zambia,0.12532130844141537,0.052270260012350765,0.1617551648988692,17064.0,3954.186,1194.24,151.0,0.12950257289879932,69,137,147,144,156,124,150,721,142,ZM,ZMB,894,Africa,Sub-Saharan Africa,Least Developed,0.5
142,Haiti,0.12262598962999957,0.07818365504160617,0.17139215577386463,16697.0,5914.505000000003,1265.39,172.0,0.14751286449399656,52,194,151,128,144,165,136,724,143,HT,HTI,332,Americas,Latin America and the Caribbean,Least Developed,0.3
143,CÃ´te d'Ivoire,0.13838662769348276,0.045123173554956576,0.18482163778729815,18843.0,3413.5170000000003,1364.5400000000004,154.0,0.13207547169811323,57,24,135,164,130,149,147,725,144,CI,CIV,384,Africa,Sub-Saharan Africa,Developing,2.4
144,Mauritania,0.13861429767482852,0.04962646632068574,0.1614991717470246,18874.0,3754.186000000001,1192.3500000000001,160.0,0.13722126929674103,59,199,134,152,157,143,140,726,145,MR,MRT,478,Africa,Sub-Saharan Africa,Least Developed,0.3
145,Burkina Faso,0.1363963514049441,0.04862334489922574,0.18163323630876843,18572.0,3678.3010000000004,1341.0000000000005,148.0,0.12692967409948544,58,70,136,154,135,148,155,728,146,BF,BFA,854,Africa,Sub-Saharan Africa,Least Developed,0.8
146,Nepal,0.10672581190053025,0.06590052345528817,0.3355718060790924,14532.0,4985.300000000002,2477.53,136.0,0.11663807890222987,41,187,168,135,74,188,166,731,147,NP,NPL,524,Asia,Southern Asia,Least Developed,0.2
147,Senegal,0.13451623801060503,0.04773007310565442,0.18138943330701165,18316.0,3610.726,1339.2000000000003,153.0,0.1312178387650086,57,136,140,159,136,149,149,733,148,SN,SEN,686,Africa,Sub-Saharan Africa,Least Developed,0.4
148,Mali,0.14526813648448167,0.04663697016589859,0.1817889993376685,19780.0,3528.034000000001,1342.15,144.0,0.12349914236706692,56,25,129,162,134,152,157,734,149,ML,MLI,466,Africa,Sub-Saharan Africa,Least Developed,2.2
149,Bhutan,0.1134457484467032,0.05734868365776471,0.17157771694742394,15447.0,4338.363000000001,1266.7600000000004,157.0,0.1346483704974271,56,4,162,139,143,152,143,739,150,BT,BTN,64,Asia,Southern Asia,Least Developed,14.0
150,Togo,0.13303271103538433,0.04772584303574775,0.18266939906623456,18114.0,3610.406,1348.6500000000003,142.0,0.12178387650085766,56,199,141,160,132,152,159,744,151,TG,TGO,768,Africa,Sub-Saharan Africa,Least Developed,0.3
151,Gabon,0.1246750194621113,0.051672286755169966,0.16280893565090665,16976.0,3908.9500000000003,1202.0200000000004,155.0,0.13293310463121785,56,57,149,146,154,152,144,745,152,GA,GAB,266,Africa,Sub-Saharan Africa,Developing,1.0
152,Cambodia,0.11104419735315287,0.055526263790226196,0.1837732848797442,15120.0,4200.499000000001,1356.8000000000004,147.0,0.12607204116638082,55,194,164,141,131,156,156,748,153,KH,KHM,116,Asia,South-eastern Asia,Least Developed,0.3
153,Ghana,0.12512301523185618,0.044334741400228236,0.17570882336607976,17037.0,3353.8729999999996,1297.2600000000002,143.0,0.1226415094339623,64,55,148,165,141,136,158,748,153,GH,GHA,288,Africa,Sub-Saharan Africa,Developing,1.2
154,Sao Tome and Principe,0.10895110236336128,0.05302705917555832,0.16899882297328603,14835.0,4011.4370000000004,1247.7200000000003,151.0,0.12950257289879935,59,57,166,142,149,143,150,750,155,ST,STP,678,Africa,Sub-Saharan Africa,Least Developed,1.0
155,Chad,0.13288582717645162,0.05174253235355751,0.17680322795174327,18094.0,3914.264,1305.3400000000001,136.0,0.11663807890222988,54,16,142,145,139,159,166,751,156,TD,TCD,148,Africa,Sub-Saharan Africa,Least Developed,3.4
156,Guinea,0.11990863823974383,0.04840894644980016,0.1658578276339867,16327.0,3662.082,1224.5300000000004,150.0,0.1286449399656947,57,23,154,155,152,149,152,762,157,GN,GIN,324,Africa,Sub-Saharan Africa,Least Developed,2.5
157,Rwanda,0.1352800340770553,0.040196397915696506,0.16131631949570704,18420.0,3040.8120000000004,1191.0000000000002,140.0,0.1200686106346484,55,197,138,170,158,156,162,784,158,RW,RWA,646,Africa,Sub-Saharan Africa,Least Developed,0.3
158,Mozambique,0.1209515136381663,0.047489368908996764,0.154955770072098,16469.0,3592.5170000000003,1144.0400000000002,132.0,0.11320754716981134,59,199,153,161,159,143,172,788,159,MZ,MOZ,508,Africa,Sub-Saharan Africa,Least Developed,0.3
159,Turkmenistan,0.10041715015936897,0.05000257241126199,0.14876588274971864,13673.0,3782.6380000000004,1098.34,159.0,0.13636363636363638,54,2,177,149,166,159,141,792,160,TM,TKM,795,Asia,Central Asia,Developing,27.0
160,Algeria,0.12603369515723917,0.04048020916849675,0.13225635614742498,17161.0,3062.2820000000006,976.4499999999999,164.0,0.14065180102915953,51,8,146,169,172,168,139,794,161,DZ,DZA,12,Africa,Northern Africa,Developing,6.4
161,Jordan,0.11230005434702779,0.049978884019784675,0.1344275573241808,15291.0,3780.8460000000005,992.4799999999999,155.0,0.13293310463121782,51,139,163,150,171,168,144,796,162,JO,JOR,400,Asia,Western Asia,Developing,0.4
162,Viet Nam,0.10941378651899943,0.051553553980477285,0.1520274251287754,14898.0,3899.968,1122.4199999999998,141.0,0.12092624356775304,52,26,165,147,164,165,160,801,163,VN,VNM,704,Asia,South-eastern Asia,Developing,2.0
163,Uganda,0.10342826926749021,0.04559780061745274,0.15008377342032592,14083.0,3449.4219999999996,1108.0700000000002,134.0,0.11492281303602062,65,198,173,163,165,133,171,805,164,UG,UGA,800,Africa,Sub-Saharan Africa,Least Developed,0.3
164,Angola,0.12302992024206458,0.044223503780651416,0.1534915976004367,16752.0,3345.458000000001,1133.23,141.0,0.12092624356775301,50,12,150,166,162,170,160,808,165,AO,AGO,24,Africa,Sub-Saharan Africa,Least Developed,4.2
165,Comoros,0.10140127201421835,0.04789611656845944,0.15440314993478274,13807.0,3623.2870000000007,1139.9600000000003,149.0,0.12778730703259006,53,198,174,158,160,163,154,809,166,KM,COM,174,Africa,Sub-Saharan Africa,Least Developed,0.3
166,Madagascar,0.10002056374025058,0.04812383973809101,0.15407943372689462,13619.0,3640.5140000000006,1137.5700000000002,140.0,0.1200686106346484,54,198,179,156,161,159,162,817,167,MG,MDG,450,Africa,Sub-Saharan Africa,Least Developed,0.3
167,Niger,0.11694158428930244,0.03681209082996457,0.14315570478707196,15923.0,2784.7930000000006,1056.92,139.0,0.11921097770154375,55,21,159,174,168,156,164,821,168,NE,NER,562,Africa,Sub-Saharan Africa,Least Developed,2.6
168,Guinea-Bissau,0.10513212203111,0.03099822987437168,0.14238366194817564,14315.0,2344.980999999999,1051.2200000000003,135.0,0.11578044596912525,54,199,171,177,169,159,168,844,169,GW,GNB,624,Africa,Sub-Saharan Africa,Least Developed,0.3
169,Liberia,0.10567559230916115,0.048075154277258975,0.13999032914759701,14389.0,3636.8309999999988,1033.5500000000002,125.0,0.10720411663807891,48,16,170,157,170,175,177,849,170,LR,LBR,430,Africa,Sub-Saharan Africa,Least Developed,3.0
170,Burundi,0.11453268900280549,0.037866647257695916,0.1529796112967476,15595.0,2864.569,1129.45,128.0,0.10977701543739281,47,7,161,173,163,178,174,849,170,BI,BDI,108,Africa,Sub-Saharan Africa,Least Developed,6.7
171,Sierra Leone,0.10082108077143402,0.030159486325690953,0.12357561482376428,13728.0,2281.530999999999,912.3599999999999,118.0,0.10120068610634653,63,18,176,180,176,137,180,849,170,SL,SLE,694,Africa,Sub-Saharan Africa,Least Developed,3.5
172,Egypt,0.10420675371983373,0.038852835180560805,0.12897720577379684,14189.0,2939.1730000000002,952.2399999999998,135.0,0.11578044596912525,50,113,172,171,173,170,168,854,173,EG,EGY,818,Africa,Northern Africa,Developing,0.4
173,Myanmar,0.10005728470498378,0.0434017598254081,0.1449449479277422,13624.0,3283.294,1070.1299999999999,128.0,0.10977701543739282,49,15,178,168,167,173,174,860,174,MM,MMR,104,Asia,South-eastern Asia,Least Developed,3.3
174,Congo,0.11989394985385056,0.02681046066677429,0.1269929202317212,16325.0,2028.1809999999996,937.5899999999999,125.0,0.10720411663807891,48,15,155,184,175,175,177,866,175,CG,COG,178,Africa,Sub-Saharan Africa,Developing,3.2
175,Libyan Arab Jamahiriya,0.11536258280577545,0.03351307252872575,0.1141404386557786,15708.0,2535.2260000000006,842.7,131.0,0.11234991423670669,42,3,160,176,180,185,173,874,176,LY,LBY,434,Africa,Northern Africa,Developing,14.0
176,Cameroon,0.10575637843157416,0.029403995840360762,0.12766202402543136,14400.0,2224.378999999999,942.5300000000001,109.0,0.09348198970840481,49,8,169,182,174,173,184,882,177,CM,CMR,120,Africa,Sub-Saharan Africa,Developing,6.1
177,Central African Republic,0.09031154066479635,0.03018386210352811,0.11466055172619298,12297.0,2283.3749999999995,846.5400000000001,127.0,0.10891938250428819,50,17,181,179,179,170,176,885,178,CF,CAF,140,Africa,Sub-Saharan Africa,Least Developed,2.9
178,Lebanon,0.08279843128038658,0.04412769269726548,0.10628050077136562,11274.0,3338.2100000000005,784.6700000000001,135.0,0.11578044596912525,42,103,183,167,185,185,168,888,179,LB,LBN,422,Asia,Western Asia,Developing,0.4
179,Equatorial Guinea,0.09057593161087528,0.03003073357290687,0.10671663725228599,12333.0,2271.7909999999997,787.8900000000001,118.0,0.10120068610634651,52,4,180,181,183,165,180,889,180,GQ,GNQ,226,Africa,Sub-Saharan Africa,Developing,13.0
180,"Iran, Islamic Republic of",0.08553781524948222,0.036499488663862094,0.08580511200716238,11647.0,2761.1449999999986,633.5,138.0,0.11835334476843913,43,184,182,175,190,182,165,894,181,IR,IRN,364,Asia,Southern Asia,Developing,0.2
181,Djibouti,0.0806025175893421,0.030307102546465074,0.1149151904169167,10975.0,2292.698,848.42,119.0,0.10205831903945113,46,197,185,178,178,179,179,899,182,DJ,DJI,262,Africa,Sub-Saharan Africa,Least Developed,0.2
182,"Congo, the Democratic Republic of the",0.10105609494572641,0.02442939397321848,0.11681279044725659,13760.0,1848.0559999999998,862.4299999999998,111.0,0.09519725557461409,44,8,175,185,177,180,183,900,183,CD,COD,180,Africa,Sub-Saharan Africa,Least Developed,5.5
183,Nigeria,0.10840028789236351,0.018003917784995802,0.09986170951955908,14760.0,1361.9759999999997,737.28,108.0,0.09262435677530019,48,19,167,191,186,175,185,904,184,NG,NGA,566,Africa,Sub-Saharan Africa,Developing,2.5
184,Ethiopia,0.07665868597699797,0.02898650115954148,0.11387631873720881,10438.0,2192.7959999999994,840.7500000000001,112.0,0.09605488850771872,43,43,186,183,181,182,182,914,185,ET,ETH,231,Africa,Sub-Saharan Africa,Least Developed,1.0
185,"Palestinian Territory, Occupied",0.07636491825913248,0.038675714222187706,0.10779072492113649,10398.0,2925.7740000000003,795.8199999999998,98.0,0.08404802744425388,40,102,187,172,182,189,188,918,186,PS,PSE,275,Asia,Western Asia,Developing,0.4
186,"Korea, Democratic People's Republic of",0.08243122163305475,0.018683174479226843,0.10651753146751798,11224.0,1413.3609999999996,786.42,107.0,0.09176672384219556,43,1,184,190,184,182,186,926,187,KP,PRK,408,Asia,Eastern Asia,Developing,43.0
187,Sri Lanka,0.0614341739986193,0.02272968578987858,0.07963689606271694,8365.0,1719.4749999999995,587.96,79.0,0.06775300171526588,44,179,191,186,191,180,191,939,188,LK,LKA,144,Asia,Southern Asia,Developing,0.2
188,Sudan,0.06970373525653265,0.01984752765897304,0.08916823897028446,9491.0,1501.4429999999995,658.3300000000002,100.0,0.08576329331046313,40,10,188,189,188,189,187,941,189,SD,SDN,736,Africa,Northern Africa,Least Developed,4.0
189,Eritrea,0.06446732568558042,0.021900750715793924,0.08868334188901271,8778.0,1656.7669999999998,654.7500000000002,84.0,0.07204116638078904,39,3,189,187,189,191,189,945,190,ER,ERI,232,Africa,Sub-Saharan Africa,Least Developed,13.0
190,Bangladesh,0.056623727618572005,0.020191035773331072,0.09412827559491317,7710.0,1527.4289999999999,694.9499999999999,63.0,0.054030874785591786,42,169,193,188,187,185,193,946,191,BD,BGD,50,Asia,Southern Asia,Least Developed,0.2
191,Syrian Arab Republic,0.06310864999045254,0.01512452241849805,0.054166254684742406,8593.0,1144.153,399.90999999999997,83.0,0.07118353344768441,33,27,190,192,195,194,190,961,192,SY,SYR,760,Asia,Western Asia,Developing,1.2
192,Yemen,0.056829365021077834,0.011428141925401975,0.054281383880016416,7738.0,864.526,400.76,79.0,0.06775300171526588,38,14,192,195,194,192,191,964,193,YE,YEM,887,Asia,Western Asia,Least Developed,2.7
193,Pakistan,0.05433968361216786,0.009954795357942435,0.06861700038331248,7399.0,753.069,506.6,55.0,0.04716981132075473,34,6,194,196,192,193,195,970,194,PK,PAK,586,Asia,Southern Asia,Developing,5.7
194,Somalia,0.04369060383954408,0.011810857500207404,0.056158666993543285,5949.0,893.4779999999998,414.6200000000002,52.0,0.04459691252144083,33,199,196,194,193,194,196,973,195,SO,SOM,706,Africa,Sub-Saharan Africa,Least Developed,0.2
195,Iraq,0.049587990775693654,0.012063048980455331,0.04493018430152472,6752.0,912.5559999999999,331.71999999999997,60.0,0.051457975986277875,31,2,195,193,197,196,194,975,196,IQ,IRQ,368,Asia,Western Asia,Developing,15.5
196,Afghanistan,0.043227919683905935,0.006095887647651248,0.05335357801221993,5886.0,461.1469999999999,393.9100000000001,41.0,0.03516295025728989,31,1,197,197,196,196,197,983,197,AF,AFG,4,Asia,Southern Asia,Least Developed,31.0
