passportfrom_country_name,passportfrom_alpha_3code,New_Overall_ranking,gain-loss,gain-loss-rank,passportfrom_destinations_visafree,passportfrom_welcomed_visafree,visaFreeRatio,visafree_percent,visafree_countries_Rank,countryto_GDP_2016_billions_USD,countryto_UN_World_GDP_percent,GDP_Rank,countryto_surface_area,countryto_Surface_area_covered_percent,Surface_Rank,countryto_population_millions,countryto_UN_population_Value_percent,Population_Rank,countryto_unesco_total_sites,countryto_unesco_total_sites_percent,unesco_total_sites_Rank,passportfrom_region_name,passportfrom_sub_region_name,passportfrom_development_status,passportfrom_GDP_2016_billions_USD,passportfrom_GDP_capita_2016_USD,passportfrom_UN_World_GDP_percent,passportfrom_population_millions,passportfrom_UN_population_Value_percent,passportfrom_surface_area,passportfrom_Surface_area_covered_percent,passportfrom_unesco_total_sites,passportfrom_unesco_total_sites_percent,passportfrom_trade_import_UN,passportfrom_trade_export_UN,passportfrom_openness_index,passportfrom_unemployment_rate_UN,passportfrom_visitor_arrivals,passportfrom_tourism_expenditure
Japan,JPN,1,0,78,191.0,68.0,2.8,0.8414096916299559,1,69729.421,0.9217510168162725,1,87035.0,0.6392018331105594,4,6250.349999999998,0.8188782127706392,1,1027.0,0.8800342759211662,1,Asia,Eastern Asia,Developed,4936.212,38640.0,0.06525163073160593,127.19,0.01666356602147044,378.0,0.0027761049338288217,22.0,0.018851756640959727,606924.0,644932.0,253.6066117095457,5.1,8611.0,33427.0
Singapore,SGP,2,0,78,190.0,164.0,1.2,0.8370044052863436,2,69081.951,0.9131921313085608,2,91350.0,0.6708920256752985,2,5038.729999999998,0.6601400268839039,3,1011.0,0.8663239074550136,3,Asia,South-eastern Asia,Developing,296.946,52814.0,0.00392531980782581,5.79,0.0007585662965981119,1.0,7.344192946637094e-06,1.0,0.000856898029134533,291908.0,338082.0,2121.5641901221097,3.2,9161.0,18386.0
Korea (Republic of),KOR,3,-1,94,190.0,111.0,1.7,0.8370044052863436,2,61530.87300000001,0.8133746694002082,6,100783.0,0.7401697977409263,1,5191.31,0.6801300174771576,2,1018.0,0.8723221936589555,2,Asia,Eastern Asia,Developing,1411.246,27785.0,0.018655216360937484,51.16,0.006702634150942901,100.0,0.0007344192946637094,13.0,0.011139674378748929,406182.0,495418.0,638.8680641078876,3.7,8798.0,21053.0
Germany,DEU,5,-1,94,189.0,94.0,2.0,0.8325991189427313,4,57888.78099999998,0.7652299701298901,8,81735.0,0.6002776104933827,8,3617.880000000001,0.4739899539095642,15,954.0,0.8174807197943451,5,Europe,Western Europe,Developed,3477.796,42456.0,0.04597287562848924,82.29,0.010781074360459176,357.0,0.0026218768819494427,44.0,0.037703513281919454,1060672.0,1340752.0,690.5016855502738,7.0,26875.0,52129.0
France,FRA,4,0,78,189.0,94.0,2.0,0.8325991189427313,4,57945.39999999998,0.765978414905032,7,80620.0,0.5920888353578824,9,3647.130000000001,0.47782208934574644,13,954.0,0.8174807197943451,5,Europe,Western Europe,Developed,2465.454,36826.0,0.03259075866145149,65.23,0.008545989555629506,552.0,0.004053994506543676,44.0,0.037703513281919454,560555.0,488885.0,425.6579112812488,8.9,76647.0,50883.0
Finland,FIN,6,0,78,188.0,94.0,2.0,0.8281938325991189,6,57877.62099999998,0.7650824464418953,9,80171.0,0.5887912927248423,10,3614.760000000001,0.47358119279637145,16,949.0,0.8131962296486724,7,Europe,Northern Europe,Developed,238.503,43339.0,0.0031527636342159144,5.54,0.0007258130022717686,338.0,0.0024823372159633377,7.0,0.005998286203941731,60502.0,57326.0,494.03152161608034,8.4,2319.0,2717.0
Italy,ITA,6,0,78,188.0,94.0,2.0,0.8281938325991189,6,57877.62099999998,0.7650824464418953,9,80171.0,0.5887912927248423,10,3614.760000000001,0.47358119279637145,16,949.0,0.8131962296486724,7,Europe,Southern Europe,Developed,1858.913,31279.0,0.024572912313770512,59.29,0.007767771282435588,302.0,0.0022179462698844023,54.0,0.04627249357326478,404578.0,461529.0,465.92121309604056,8.4,43626.0,40373.0
Denmark,DNK,6,0,78,188.0,94.0,2.0,0.8281938325991189,6,57877.62099999998,0.7650824464418953,9,80171.0,0.5887912927248423,10,3614.760000000001,0.47358119279637145,16,949.0,0.8131962296486724,7,Europe,Northern Europe,Developed,306.9,53730.0,0.0040569014198599766,5.75,0.0007533257695058969,43.0,0.00031580029670539504,10.0,0.00856898029134533,85133.0,94355.0,584.8419680677746,7.5,9425.0,7046.0
Sweden,SWE,6,0,78,188.0,94.0,2.0,0.8281938325991189,6,57877.62099999998,0.7650824464418953,9,80171.0,0.5887912927248423,10,3614.760000000001,0.47358119279637145,16,949.0,0.8131962296486724,7,Europe,Northern Europe,Developed,514.476,52297.0,0.0068008420165652705,9.98,0.0013075115095076263,439.0,0.0032241007035736843,15.0,0.012853470437017995,141101.0,139456.0,545.3257294800924,8.6,,
Luxembourg,LUX,11,-1,94,187.0,94.0,2.0,0.8237885462555066,10,57672.34499999998,0.7623689094726441,13,79840.0,0.5863603648595055,14,3518.2700000000013,0.460939731318176,24,941.0,0.8063410454155961,11,Europe,Western Europe,Developed,58.631,101835.0,0.0007750413396800597,0.59,7.729777461017029e-05,3.0,2.2032578839911284e-05,1.0,0.000856898029134533,19124.0,12838.0,545.1382374511777,4.4,805.0,4583.0
Spain,ESP,13,-3,114,187.0,94.0,2.0,0.8237885462555066,10,57013.90899999998,0.7536650647568184,22,79387.0,0.5830334454546788,16,3532.840000000001,0.4628485933115153,22,931.0,0.7977720651242508,15,Europe,Southern Europe,Developed,1237.255,26695.0,0.01635523481990504,46.4,0.006079011426969325,506.0,0.0037161616309983694,47.0,0.04027420736932305,302539.0,281777.0,472.2680449866842,19.9,52677.0,60605.0
United Kingdom of Great Britain and Northern Ireland,GBR,24,-12,169,186.0,90.0,2.1,0.8193832599118943,12,56588.50599999998,0.7480416759177414,30,77758.0,0.571069755144607,25,3450.8300000000004,0.4521042026407016,29,908.0,0.7780634104541566,32,Europe,Northern Europe,Developed,2647.899,40249.0,0.03500249336183061,66.57,0.008721547213218704,242.0,0.0017772946930861768,31.0,0.026563838903170524,636368.0,411463.0,395.72166461031935,7.8,28295.0,55558.0
Norway,NOR,14,-2,106,186.0,94.0,2.0,0.8193832599118943,12,57000.04599999998,0.7534818101970806,23,79119.0,0.5810652017449801,17,3530.770000000001,0.4625773960344932,23,930.0,0.7969151670951163,16,Europe,Northern Europe,Developed,371.069,70617.0,0.004905149406862242,5.35,0.0007009204985837475,386.0,0.0028348584774019183,8.0,0.006855184233076264,72810.0,89628.0,437.7568592364223,3.5,4767.0,6196.0
Austria,AUT,17,-5,131,186.0,94.0,2.0,0.8193832599118943,12,56808.63299999998,0.7509515277875672,24,79056.0,0.580602517589342,18,3436.3500000000013,0.45020713183331984,30,923.0,0.7909168808911745,18,Europe,Western Europe,Developed,390.8,44857.0,0.005165972873513455,8.75,0.001146365301422017,84.0,0.0006169122075175159,10.0,0.00856898029134533,149987.0,144701.0,754.0634595701125,4.8,22004.0,19241.0
Netherlands,NLD,17,-5,131,186.0,94.0,2.0,0.8193832599118943,12,56808.63299999998,0.7509515277875672,24,79056.0,0.580602517589342,18,3436.3500000000013,0.45020713183331984,30,923.0,0.7909168808911745,18,Europe,Western Europe,Developed,777.228,45753.0,0.01027415241692711,17.08,0.0022377050683757773,42.0,0.00030845610375875796,10.0,0.00856898029134533,398336.0,444867.0,1084.885001569681,4.5,10883.0,18317.0
Portugal,PRT,17,-5,131,186.0,94.0,2.0,0.8193832599118943,12,56808.63299999998,0.7509515277875672,24,79056.0,0.580602517589342,18,3436.3500000000013,0.45020713183331984,30,923.0,0.7909168808911745,18,Europe,Southern Europe,Developed,204.837,19750.0,0.0027077338420979412,10.29,0.001348125594472292,92.0,0.0006756657510906127,15.0,0.012853470437017995,67632.0,55677.0,601.9859693317126,10.8,6756.0,17185.0
United States of America,USA,39,-27,196,186.0,43.0,4.3,0.8193832599118943,12,54319.57600000001,0.7180487618135939,40,70214.0,0.5156651635551767,36,3120.259999999999,0.4087951766188644,56,883.0,0.7566409597257931,44,Americas,Northern America,Developed,18624.475,57808.0,0.2461963475778646,326.77,0.04281117594807686,9834.0,0.07222279343722918,23.0,0.01970865467009426,2248209.0,1450457.0,198.59169184634737,9.6,60010.0,244708.0
Switzerland,CHE,12,0,78,186.0,95.0,2.0,0.8193832599118943,12,57658.48199999998,0.7621856549129064,15,79572.0,0.5843921211498068,15,3516.200000000001,0.4606685340411539,25,940.0,0.8054841473864617,12,Europe,Western Europe,Developed,668.851,79609.0,0.00884152027231921,8.54,0.0011188525341878886,41.0,0.00030111191081212083,12.0,0.010282776349614395,269157.0,304691.0,857.9608911401792,4.8,8628.0,19220.0
Canada,CAN,39,-20,193,185.0,55.0,3.4,0.8149779735682819,19,54598.464,0.7217353734889992,39,70475.0,0.517581997914249,34,3146.5899999999992,0.4122447535773149,54,884.0,0.7574978577549276,42,Americas,Northern America,Developed,1529.76,42154.0,0.020221849188807425,36.95,0.004840936901433546,9985.0,0.07333176657217139,19.0,0.016281062553556127,402966.0,389071.0,517.7524579018931,8.1,16219.0,
Ireland,IRL,23,-4,123,185.0,88.0,2.1,0.8149779735682819,19,56805.35499999998,0.7509081960089609,27,78892.0,0.5793980699460934,23,3435.780000000001,0.4501324543222558,33,921.0,0.7892030848329055,24,Europe,Northern Europe,Developed,304.819,64497.0,0.004029392746498203,4.8,0.0006288632510657922,70.0,0.0005140935062645966,2.0,0.001713796058269066,82029.0,132010.0,702.1839189814283,13.9,7134.0,11427.0
Greece,GRC,16,3,59,185.0,94.0,2.0,0.8149779735682819,19,57659.15699999998,0.7621945777166157,14,78986.0,0.5800884240830774,22,3513.420000000001,0.4603043174082449,26,938.0,0.8037703513281926,13,Europe,Southern Europe,Developed,192.691,17230.0,0.0025471762512031242,11.14,0.0014594867951818595,132.0,0.0009694334689560964,18.0,0.015424164524421594,47595.0,27811.0,391.33119865484116,12.7,15007.0,16533.0
Belgium,BEL,22,-3,114,185.0,94.0,2.0,0.8149779735682819,19,56800.158999999985,0.7508395102488513,28,79030.0,0.5804115685727295,21,3423.8500000000013,0.4485694671170027,35,923.0,0.7909168808911745,18,Europe,Western Europe,Developed,467.955,41199.0,0.006185882384915528,11.5,0.0015066515390117939,31.0,0.00022766998134574992,13.0,0.011139674378748929,372713.0,398033.0,1647.0515327328483,8.3,7186.0,12772.0
Czechia,CZE,26,-3,114,184.0,94.0,2.0,0.8105726872246696,23,56353.49799999998,0.7449351125782873,31,71109.0,0.5222382162424168,32,3490.1300000000006,0.4572530205088028,28,920.0,0.788346186803771,26,Europe,Eastern Europe,Developed,195.305,18406.0,0.002581730634753186,10.63,0.0013926700747561192,79.0,0.0005801912427843305,12.0,0.010282776349614395,142328.0,162087.0,1558.6646527226644,7.3,8629.0,7041.0
Malta,MLT,29,-5,131,183.0,94.0,1.9,0.8061674008810573,24,56723.93399999998,0.7498318943781155,29,76913.0,0.5648639121046987,28,3325.4500000000003,0.43567777047015394,44,912.0,0.7814910025706947,29,Europe,Southern Europe,Developed,10.999,25616.0,0.00014539543407311793,0.43,5.633566624131055e-05,0.0,0.0,3.0,0.002570694087403599,7182.0,4039.0,1020.183653059369,6.9,1339.0,1451.0
Iceland,ISL,21,4,53,182.0,93.0,2.0,0.801762114537445,25,57579.88499999998,0.7611466836489873,16,78224.0,0.57449214905774,24,3406.2200000000003,0.44625970480110894,38,930.0,0.7969151670951162,16,Europe,Northern Europe,Developed,20.27,60966.0,0.00026794849065025003,0.34,4.454448028382695e-05,103.0,0.0007564518735036207,2.0,0.001713796058269066,5703.0,4450.0,500.8880118401579,7.6,489.0,2411.0
Australia,AUS,41,-16,182,182.0,35.0,5.2,0.801762114537445,25,54915.815999999984,0.7259304395671856,38,69771.0,0.5124116860798165,40,3180.6899999999987,0.41671230292342804,52,893.0,0.7652099400171386,40,Oceania,Australia and New Zealand,Developed,1304.463,54069.0,0.01724365525205215,24.77,0.0032451964018540987,7692.0,0.05649153214553253,19.0,0.016281062553556127,189406.0,189630.0,290.5686094584515,5.2,5790.0,34475.0
New Zealand,NZL,25,0,78,182.0,62.0,2.9,0.801762114537445,25,57266.15099999999,0.7569994437986832,21,77582.0,0.569777177185999,26,3414.0100000000007,0.4472802974523178,37,921.0,0.7892030848329056,24,Oceania,Australia and New Zealand,Developed,187.517,40233.0,0.00247878130839975,4.75,0.0006223125922005235,268.0,0.0019682437096987413,3.0,0.002570694087403599,36213.0,33870.0,373.7421140483263,6.1,2435.0,9418.0
Lithuania,LTU,36,-8,148,181.0,94.0,1.9,0.7973568281938326,28,55985.50199999998,0.7400705850614975,34,68754.0,0.5049426418530866,41,3322.94,0.4353489273951174,45,900.0,0.7712082262210803,36,Europe,Northern Europe,Developed,42.773,14707.0,0.0005654149378679401,2.88,0.0003773179506394753,65.0,0.0004773725415314111,4.0,0.003427592116538132,27349.0,25023.0,1224.4172725784956,17.8,1507.0,1210.0
Latvia,LVA,36,-8,148,181.0,94.0,1.9,0.7973568281938326,28,55985.50199999998,0.7400705850614975,34,68754.0,0.5049426418530866,41,3322.94,0.4353489273951174,45,900.0,0.7712082262210803,36,Europe,Northern Europe,Developed,27.573,13993.0,0.00036448661730139833,1.93,0.0002528554321993706,65.0,0.0004773725415314111,2.0,0.001713796058269066,13593.0,11470.0,908.968918869909,19.5,1373.0,1282.0
Hungary,HUN,33,-5,131,181.0,94.0,1.9,0.7973568281938326,28,56280.94199999998,0.743975997102825,32,69975.0,0.5139099014409304,38,3380.28,0.44286122298180747,42,910.0,0.7797772065124257,31,Europe,Eastern Europe,Developed,125.817,12900.0,0.0016631709545210907,9.69,0.0012695176880890679,93.0,0.0006830099440372498,8.0,0.006855184233076264,92044.0,103071.0,1550.7840752839443,11.2,9510.0,7481.0
Slovakia,SVK,32,-4,123,181.0,94.0,1.9,0.7973568281938326,28,56054.830999999984,0.7409870429257447,33,69847.0,0.512969844743761,39,3428.310000000001,0.44915378588778454,34,907.0,0.7772065124250221,33,Europe,Eastern Europe,Developed,89.769,16489.0,0.001186653579535387,5.45,0.000714021816314285,49.0,0.0003598654543852176,7.0,0.005998286203941731,75156.0,77565.0,1701.2665842328643,14.4,1327.0,2800.0
Slovenia,SVN,36,-8,148,181.0,94.0,1.9,0.7973568281938326,28,55985.50199999998,0.7400705850614975,34,68754.0,0.5049426418530866,41,3322.94,0.4353489273951174,45,900.0,0.7712082262210803,36,Europe,Southern Europe,Developed,44.709,21517.0,0.0005910068608032575,2.08,0.00027250740879517665,20.0,0.00014688385893274188,4.0,0.003427592116538132,26690.0,27658.0,1215.5941756693283,7.2,1869.0,2627.0
Malaysia,MYS,45,-12,169,180.0,163.0,1.1,0.7929515418502202,33,37527.28499999999,0.49607199674157726,52,62862.0,0.46167065701150084,51,3232.0699999999997,0.42344375997337813,51,911.0,0.7806341045415601,30,Asia,South-eastern Asia,Developing,296.531,9508.0,0.003919833935915604,32.04,0.0041976622008641626,330.0,0.002423583672390241,4.0,0.003427592116538132,168375.0,189414.0,1206.5821111452092,3.3,24577.0,18084.0
Estonia,EST,43,-10,159,180.0,94.0,1.9,0.7929515418502202,33,55984.51599999998,0.7400575511585976,37,68743.0,0.5048618557306735,44,3320.7799999999997,0.43506593893213774,48,898.0,0.7694944301628113,39,Europe,Northern Europe,Developed,23.338,17782.0,0.0003085042858803915,1.31,0.00017162726227003914,45.0,0.00033048868259866925,2.0,0.001713796058269066,16205.0,14270.0,1305.810266518125,16.7,2372.0,1896.0
Liechtenstein,LIE,27,8,36,179.0,94.0,1.9,0.788546255506608,35,57441.55299999998,0.7593180773042102,19,75458.0,0.5541781113673417,29,3385.41,0.44353332058138406,40,923.0,0.7909168808911747,18,Europe,Western Europe,Developed,6.194,164437.0,8.187829063086575e-05,0.04,5.240527092214935e-06,0.0,0.0,,,,,,2.6,64.0,
Chile,CHL,15,21,12,176.0,94.0,1.9,0.775330396475771,36,57571.85699999998,0.7610405617702037,17,86843.0,0.637791748064805,5,3576.2299999999996,0.4685332550747954,20,933.0,0.79948586118252,14,Americas,Latin America and the Caribbean,Developing,247.046,13794.0,0.0032656932817553856,18.2,0.0023844398269577956,756.0,0.0055522098676576434,6.0,0.005141388174807198,58761.0,60733.0,483.69129635776335,8.4,2801.0,3697.0
Monaco,MCO,28,9,31,175.0,94.0,1.9,0.7709251101321586,37,57516.35599999998,0.7603068958017983,18,76938.0,0.5650475169283645,27,3380.51,0.4428913560125878,41,922.0,0.7900599828620402,23,Europe,Western Europe,Developed,6.468,168004.0,8.550028798844683e-05,0.04,5.240527092214935e-06,0.0,0.0,,,,,,,279.0,
Poland,POL,51,-14,175,175.0,94.0,1.9,0.7709251101321586,37,36754.75699999998,0.48585997347640414,56,60287.0,0.4427593601739102,59,3074.560000000001,0.4028078744160088,57,876.0,0.7506426735218515,46,Europe,Eastern Europe,Developed,471.402,12332.0,0.006231448169191375,38.1,0.004991602055334726,313.0,0.0022987323922974106,15.0,0.012853470437017995,188518.0,196455.0,816.6554236087246,9.6,12470.0,12052.0
Cyprus,CYP,56,-17,186,174.0,94.0,1.9,0.7665198237885462,39,36633.283999999985,0.484254225720866,57,58776.0,0.4316622846315415,63,2937.94,0.3849088541325486,62,858.0,0.7352185089974298,49,Asia,Western Asia,Developed,20.046,23631.0,0.0002649874417155852,1.19,0.00015590568099339432,9.0,6.609773651973385e-05,3.0,0.002570694087403599,6604.0,1920.0,425.2219894243241,6.3,2173.0,2756.0
Brazil,BRA,50,-10,159,172.0,95.0,1.8,0.7577092511013216,40,32083.590999999997,0.4241119774588035,69,70305.0,0.5163334851133208,35,2946.1,0.3859779216593605,61,884.0,0.7574978577549275,42,Americas,Latin America and the Caribbean,Developing,1795.926,8649.0,0.023740289147485986,210.87,0.027626748698384086,8516.0,0.06254314713356149,21.0,0.017994858611825194,137552.0,185235.0,179.73290658969245,8.4,5161.0,6613.0
Argentina,ARG,45,-4,123,171.0,88.0,1.9,0.7533039647577092,41,37222.175999999985,0.492038770494226,55,70055.0,0.5144974368766616,37,3233.000000000001,0.4235656022282721,50,906.0,0.7763496143958875,34,Americas,Latin America and the Caribbean,Developing,545.866,12449.0,0.007215785436472096,44.69,0.005854978893777136,2780.0,0.020416856391651122,11.0,0.009425878320479864,55610.0,57733.0,207.63887107825,7.4,5325.0,5186.0
Hong Kong,HKG,34,8,36,170.0,145.0,1.2,0.748898678414097,42,39757.94999999999,0.5255590870176668,50,89272.0,0.6556307927321867,3,3158.76,0.4138391839451211,53,920.0,0.7883461868037709,26,Asia,Eastern Asia,Developing,320.912,43943.0,0.004242125605898028,7.43,0.0009734279073789242,1.0,7.344192946637094e-06,,,547124.0,516588.0,3314.653238270928,4.3,20085.0,37976.0
Andorra,AND,30,12,23,170.0,94.0,1.8,0.748898678414097,42,57383.24299999999,0.7585472792534053,20,74151.0,0.544579251186087,30,3387.47,0.443803207726633,39,917.0,0.7857754927163674,28,Europe,Southern Europe,Developed,2.858,36987.0,3.777981185389317e-05,0.08,1.048105418442987e-05,0.0,0.0,1.0,0.000856898029134533,1355.0,100.0,509.09727081875434,,1808.0,
Romania,ROU,53,-11,164,170.0,94.0,1.8,0.748898678414097,42,37232.82999999999,0.49217960538418104,53,58456.0,0.4293121428886177,65,2970.33,0.3891523709454696,59,873.0,0.7480719794344479,47,Europe,Eastern Europe,Developed,186.691,9439.0,0.002467862440453174,19.58,0.0025652380116392105,238.0,0.0017479179212996285,8.0,0.006855184233076264,74605.0,63581.0,740.1856543700553,7.0,7498.0,2166.0
Bulgaria,BGR,53,-11,164,170.0,94.0,1.8,0.748898678414097,42,37232.82999999999,0.49217960538418104,53,58456.0,0.4293121428886177,65,2970.33,0.3891523709454696,59,873.0,0.7480719794344479,47,Europe,Eastern Europe,Developed,53.24,7465.0,0.0007037778807212291,7.04,0.0009223327682298286,111.0,0.0008152054170767174,10.0,0.00856898029134533,28875.0,26088.0,1032.3628850488353,10.3,6047.0,4164.0
Croatia,HRV,58,-12,169,169.0,94.0,1.8,0.7444933920704846,46,35965.548,0.4754274445983779,59,57158.0,0.4197793804438827,68,2819.78,0.3694283371021457,66,849.0,0.727506426735219,52,Europe,Southern Europe,Developed,51.231,12159.0,0.0006772209730884539,4.16,0.0005450148175903533,57.0,0.00041861899795831434,10.0,0.00856898029134533,21830.0,13648.0,692.5103940973239,11.6,9111.0,9820.0
San Marino,SMR,10,36,2,169.0,94.0,1.8,0.7444933920704846,46,68524.83000000002,0.9058275663820903,3,83173.0,0.610838559950647,7,4752.250000000002,0.6226073718494605,4,960.0,0.8226221079691524,4,Europe,Southern Europe,Developed,1.591,47910.0,2.1031378817195256e-05,0.03,3.9303953191612015e-06,0.0,0.0,1.0,0.000856898029134533,,,,4.4,120.0,
Brunei Darussalam,BRN,20,28,5,166.0,63.0,2.6,0.7312775330396476,48,65254.569000000025,0.8625980893725993,4,84447.0,0.6201950617646624,6,4496.910000000002,0.5891544671563067,5,885.0,0.7583547557840622,41,Asia,South-eastern Asia,Developing,11.4,26939.0,0.0001506962404249063,0.43,5.633566624131055e-05,6.0,4.406515767982257e-05,,,2679.0,4875.0,662.6315789473684,6.2,214.0,144.0
United Arab Emirates,ARE,31,18,15,165.0,71.0,2.3,0.7268722466960352,49,47570.17200000003,0.6288286032251003,41,71081.0,0.5220325788399112,33,4382.880000000001,0.5742150345481747,6,903.0,0.7737789203084838,35,Asia,Western Asia,Developing,348.744,37622.0,0.004610035936030134,9.54,0.0012498657114932618,84.0,0.0006169122075175159,1.0,0.000856898029134533,270882.0,298651.0,1633.097630353497,3.8,,
Israel,ISR,55,-5,131,162.0,100.0,1.6,0.7136563876651982,50,35608.59900000001,0.47070894702614713,60,73548.0,0.540150702839265,31,2572.81,0.3370720127030376,78,853.0,0.7309340188517569,50,Asia,Western Asia,Developed,317.748,38788.0,0.004200300789695888,8.45,0.001107061348230405,22.0,0.00016157224482601606,9.0,0.007712082262210797,65803.0,60571.0,397.71768823092515,8.5,2803.0,6426.0
Barbados,BRB,42,9,31,160.0,117.0,1.4,0.7048458149779736,51,46359.66600000002,0.6128269625924869,42,61657.0,0.4528209045108032,53,4036.5800000000017,0.5288451712473239,9,878.0,0.7523564695801204,45,Americas,Latin America and the Caribbean,Developing,4.553,15975.0,6.018596339075424e-05,0.29,3.7993821418558274e-05,0.0,0.0,1.0,0.000856898029134533,1621.0,517.0,469.58049637601584,10.7,532.0,
Mexico,MEX,60,-8,148,159.0,69.0,2.3,0.7004405286343612,52,35523.200000000004,0.4695800603387746,61,57089.0,0.4192726311305649,70,2664.37,0.34906757921711756,74,835.0,0.7155098543273355,54,Americas,Latin America and the Caribbean,Developing,1076.914,8444.0,0.014235692198328731,130.76,0.017131283064450623,1964.0,0.014423994947195254,35.0,0.029991431019708654,387064.0,373893.0,706.6088842748818,5.3,23290.0,20619.0
Bahamas,BHS,47,6,44,155.0,122.0,1.3,0.6828193832599119,53,45755.35800000002,0.6048386342013734,43,58469.0,0.42940761739692396,64,4027.620000000002,0.5276712931786679,10,850.0,0.7283633247643535,51,Americas,Latin America and the Caribbean,Developing,11.262,28785.0,0.00014887202277765743,0.4,5.2405270922149356e-05,14.0,0.00010281870125291932,,,2903.0,360.0,289.73539335819567,14.3,1370.0,2627.0
Uruguay,URY,57,-4,123,155.0,84.0,1.8,0.6828193832599119,53,36347.635999999984,0.4804782538186823,58,62451.0,0.45865219371043303,52,2930.59,0.38394590727935407,63,844.0,0.7232219365895461,53,Americas,Latin America and the Caribbean,Developing,52.42,15221.0,0.0006929383265854024,3.47,0.00045461572524964567,174.0,0.0012778895727148544,2.0,0.001713796058269066,8137.0,6964.0,288.0770698206791,7.2,2353.0,2156.0
Seychelles,SYC,44,11,25,152.0,199.0,0.8,0.6696035242290749,55,40184.487,0.5311974661669757,49,67011.0,0.4921417135470981,46,4157.180000000001,0.5446453604303519,7,803.0,0.6880891173950301,59,Africa,Sub-Saharan Africa,Developing,1.434,15217.0,1.8956000769238212e-05,0.1,1.3101317730537339e-05,0.0,0.0,2.0,0.001713796058269066,1648.0,484.0,1486.750348675035,,175.0,505.0
Saint Kitts and Nevis,KNA,66,-11,164,152.0,119.0,1.3,0.6696035242290749,55,29042.40299999999,0.3839106092109667,73,56500.0,0.4149469014849957,71,2528.3999999999996,0.331253717498906,81,778.0,0.6666666666666667,65,Americas,Latin America and the Caribbean,Developing,0.91,16597.0,1.2029261297075853e-05,0.06,7.860790638322403e-06,0.0,0.0,1.0,0.000856898029134533,334.0,37.0,407.6923076923077,,98.0,331.0
Antigua and Barbuda,ATG,76,-19,191,151.0,106.0,1.4,0.6651982378854625,57,26824.92799999999,0.35459787712884216,81,38253.0,0.28093741278770856,95,2400.04,0.3144368660599883,87,737.0,0.6315338474721508,73,Americas,Latin America and the Caribbean,Developing,1.46,14462.0,1.9299693949154663e-05,0.1,1.3101317730537339e-05,0.0,0.0,1.0,0.000856898029134533,491.0,61.0,378.0821917808219,,230.0,693.0
"Taiwan, Province of China",TWN,35,23,10,150.0,71.0,2.1,0.6607929515418502,58,62455.69100000002,0.8255998093718994,5,64836.0,0.47616809388816245,48,4124.550000000002,0.540370400454878,8,816.0,0.6992287917737793,56,Asia,Eastern Asia,,,,,23.69,0.0031037021703642954,,,,,230930.0,280479.0,,,5567.0,15833.0
Costa Rica,CRI,65,-7,144,150.0,98.0,1.5,0.6607929515418502,58,34761.411,0.45950999557587563,65,43812.0,0.3217637813780643,89,2745.2699999999995,0.35966654526112235,70,812.0,0.6958011996572411,57,Americas,Latin America and the Caribbean,Developing,57.436,11825.0,0.0007592446723723612,4.95,0.0006485152276615982,51.0,0.00037455384027849177,4.0,0.003427592116538132,15322.0,9908.0,439.2715370151125,8.9,2100.0,3956.0
Holy See,VAT,68,-8,148,149.0,94.0,1.6,0.6563876651982379,60,28789.902,0.3805728064562712,74,58140.0,0.4269913779174804,67,2492.3999999999996,0.32653724311591253,82,769.0,0.6589545844044561,68,Europe,Southern Europe,Developed,,,,0.0,0.0,0.0,0.0,2.0,0.001713796058269066,,,,,,
Trinidad and Tobago,TTO,69,-9,157,149.0,105.0,1.4,0.6563876651982379,60,29472.478999999992,0.38959577028964926,72,43707.0,0.3209926411186673,90,2804.2199999999993,0.367389772063274,68,780.0,0.6683804627249359,64,Americas,Latin America and the Caribbean,Developing,24.086,17646.0,0.00031839207428721865,1.37,0.00017948805290836156,5.0,3.672096473318547e-05,,,8084.0,7639.0,652.7858507016524,5.9,388.0,708.0
Saint Lucia,LCA,90,-28,197,146.0,146.0,1.0,0.6431718061674009,62,25192.142999999993,0.3330141437146159,85,30278.0,0.22236747403827775,113,2133.829999999999,0.2795598481295249,94,700.0,0.5998286203941732,82,Americas,Latin America and the Caribbean,Developing,1.397,7848.0,1.8466898936280183e-05,0.18,2.3582371914967206e-05,1.0,7.344192946637094e-06,1.0,0.000856898029134533,669.0,120.0,564.7816750178955,20.6,306.0,770.0
Mauritius,MUS,52,10,26,146.0,183.0,0.8,0.6431718061674009,62,41902.512000000024,0.5539079844525894,47,56370.0,0.41399215640193293,72,3618.5700000000015,0.47408035300190526,14,774.0,0.6632390745501288,66,Africa,Sub-Saharan Africa,Developing,12.216,9679.0,0.00016148291868689957,1.27,0.0001663867351778242,2.0,1.4688385893274187e-05,2.0,0.001713796058269066,4655.0,2194.0,560.6581532416503,7.7,935.0,1824.0
Macao,MAC,59,5,46,145.0,191.0,0.8,0.6387665198237885,64,35196.052,0.46525550124557047,64,60128.0,0.44159163349539515,60,2862.469999999999,0.37502128964131215,64,826.0,0.7077977720651246,55,Asia,Eastern Asia,Developing,45.311,74018.0,0.0005989646798151692,0.63,8.253830170238523e-05,0.0,0.0,,,8924.0,1257.0,224.69157599699852,2.8,11926.0,30568.0
Saint Vincent and the Grenadines,VCT,80,-16,182,145.0,190.0,0.8,0.6387665198237885,64,27105.43399999999,0.35830587709521317,80,39262.0,0.28834770347086547,93,2313.31,0.3030740931922932,91,731.0,0.6263924592973437,74,Americas,Latin America and the Caribbean,Developing,0.765,6980.0,1.0112510870618711e-05,0.11,1.4411449503591072e-05,0.0,0.0,,,335.0,47.0,499.34640522875816,18.8,72.0,208.0
Paraguay,PRY,62,4,53,144.0,67.0,2.1,0.6343612334801763,66,30768.318999999992,0.40672543837668523,70,60992.0,0.4479370162012895,56,2806.6099999999997,0.36770289355703395,67,809.0,0.6932305055698373,58,Americas,Latin America and the Caribbean,Developing,27.165,4039.0,0.0003590932781704017,6.9,0.0009039909234070764,407.0,0.0029890865292812973,1.0,0.000856898029134533,9753.0,8501.0,671.9676053745628,4.6,465.0,356.0
Grenada,GRD,48,18,15,144.0,102.0,1.4,0.6343612334801763,66,39383.903,0.5206145715227359,51,65344.0,0.479898943905054,47,3846.520000000002,0.5039448067686649,11,795.0,0.681233933161954,61,Americas,Latin America and the Caribbean,Developing,1.016,9469.0,1.3430471953658315e-05,0.11,1.4411449503591072e-05,0.0,0.0,,,350.0,30.0,374.01574803149606,,110.0,510.0
Panama,PAN,63,5,46,142.0,120.0,1.2,0.6255506607929515,68,30127.171999999988,0.39825013640653545,71,59288.0,0.4354225114202199,61,2715.879999999999,0.3558160679801174,72,802.0,0.6872322193658956,60,Americas,Latin America and the Caribbean,Developing,55.188,13680.0,0.0007295284312780464,4.16,0.0005450148175903533,75.0,0.0005508144709977821,5.0,0.004284490145672665,9238.0,11195.0,370.2435312024353,6.5,1324.0,6455.0
Venezuela (Bolivarian Republic of),VEN,67,2,64,139.0,71.0,2.0,0.6123348017621145,69,27412.70299999999,0.36236765631443424,78,60538.0,0.44460275260351617,58,2672.7399999999993,0.3501641595111636,73,766.0,0.6563838903170525,69,Americas,Latin America and the Caribbean,Developing,291.376,9230.0,0.0038516901535129377,32.38,0.0042422066811479905,912.0,0.0066979039673330295,3.0,0.002570694087403599,17150.0,20215.0,128.2363681291527,8.5,526.0,546.0
Dominica,DMA,77,-7,144,138.0,197.0,0.7,0.6079295154185022,70,27380.169999999987,0.3619376036135795,79,51809.0,0.3804952923723211,81,2344.28,0.30713157129344054,89,716.0,0.6135389888603257,76,Americas,Latin America and the Caribbean,Developing,0.581,7907.0,7.680220674286891e-06,0.07,9.170922411376137e-06,1.0,7.344192946637094e-06,1.0,0.000856898029134533,214.0,23.0,407.9173838209983,,77.0,235.0
El Salvador,SLV,70,0,78,138.0,89.0,1.6,0.6079295154185022,70,33826.085999999996,0.4471459639025927,66,53993.0,0.3965350097677765,75,2633.809999999999,0.34506381651866547,75,763.0,0.6538131962296488,71,Americas,Latin America and the Caribbean,Developing,26.797,4224.0,0.00035422869777773804,6.41,0.0008397944665274433,21.0,0.00015422805187937898,1.0,0.000856898029134533,9855.0,5335.0,566.8544986379072,4.9,1150.0,1161.0
Honduras,HND,70,0,78,138.0,86.0,1.6,0.6079295154185022,70,33789.754,0.44666569234056486,67,54903.0,0.4032182253492163,74,2571.059999999999,0.33684273964275324,79,771.0,0.660668380462725,67,Americas,Latin America and the Caribbean,Developing,21.517,2361.0,0.00028443254431778143,9.42,0.0012341441302166172,112.0,0.0008225496100233545,2.0,0.001713796058269066,7912.0,4085.0,557.5591392852164,4.1,863.0,692.0
Guatemala,GTM,73,0,78,137.0,87.0,1.6,0.6035242290748899,73,33689.602999999996,0.4453417994304951,68,55497.0,0.4075806759595187,73,2579.1199999999994,0.3378987058518345,77,762.0,0.6529562982005142,72,Americas,Latin America and the Caribbean,Developing,68.763,4147.0,0.0009089759280998098,17.25,0.002259977308517691,109.0,0.0008005170311834432,3.0,0.002570694087403599,16979.0,10591.0,400.94236726146323,3.7,1119.0,1550.0
Peru,PER,64,10,26,135.0,101.0,1.3,0.5947136563876652,74,28267.44199999999,0.37366642419553453,75,61212.0,0.44955273864954964,55,2764.0599999999995,0.3621282828626903,69,786.0,0.6735218508997431,63,Americas,Latin America and the Caribbean,Developing,192.21,6049.0,0.00254081792737467,32.55,0.004264478921289903,1285.0,0.009437287936428666,12.0,0.010282776349614395,36148.0,36310.0,376.97310233598665,3.5,2299.0,4303.0
Solomon Islands,SLB,92,-17,186,131.0,77.0,1.7,0.5770925110132159,75,25168.14299999999,0.33269688847161605,86,35420.0,0.2601313141698856,99,2025.669999999999,0.26538946287217563,101,676.0,0.5792630676949444,88,Oceania,Melanesia,Least Developed,1.134,1892.0,1.4990310231740676e-05,0.62,8.12281699293315e-05,29.0,0.00021298159545247574,1.0,0.000856898029134533,454.0,437.0,785.7142857142858,2.1,21.0,71.0
Serbia,SRB,49,27,6,130.0,91.0,1.4,0.5726872246696035,76,41428.55700000003,0.5476427882569239,48,67579.0,0.49631321514078786,45,3805.120000000001,0.49852086122822237,12,794.0,0.6803770351328196,62,Europe,Southern Europe,Developed,38.3,5426.0,0.0005062864919538518,8.76,0.0011476754331950709,88.0,0.0006462889793040642,5.0,0.004284490145672665,19231.0,14852.0,889.8955613577024,19.2,683.0,1460.0
Vanuatu,VUT,91,-15,178,130.0,120.0,1.1,0.5726872246696035,76,23543.741999999995,0.3112239828889443,88,41527.0,0.30498230049499864,92,2039.9499999999991,0.2672603310440963,100,668.0,0.5724078834618681,90,Oceania,Melanesia,Least Developed,0.838,3097.0,1.1077495568076444e-05,0.28,3.668368964550455e-05,12.0,8.813031535964513e-05,1.0,0.000856898029134533,377.0,50.0,509.54653937947495,5.4,97.0,
Samoa,WSM,82,-4,123,129.0,199.0,0.6,0.5682819383259912,78,26571.04399999999,0.3512417925407688,82,53122.0,0.3901382177112556,77,2327.37,0.30491613846520677,90,701.0,0.6006855184233076,81,Oceania,Polynesia,Developing,0.822,4214.0,1.0865992072743242e-05,0.2,2.6202635461074678e-05,3.0,2.2032578839911284e-05,,,350.0,56.0,493.9172749391728,4.8,122.0,
Ukraine,UKR,74,4,53,129.0,72.0,1.8,0.5682819383259912,78,25930.881999999994,0.3427795112545505,83,60955.0,0.447665281062264,57,2552.8999999999996,0.33446354034288767,80,765.0,0.6555269922879179,70,Europe,Eastern Europe,Developed,93.27,2099.0,0.0012329331881079833,44.01,0.0057658899332094825,604.0,0.004435892539768805,7.0,0.005998286203941731,39250.0,36361.0,810.6679532539938,8.1,21203.0,1723.0
Nicaragua,NIC,79,-1,94,129.0,162.0,0.8,0.5682819383259912,78,27571.108999999986,0.3644616202320437,77,52702.0,0.38705365667366803,79,2401.54,0.3146333858259463,86,703.0,0.6023993144815767,80,Americas,Latin America and the Caribbean,Developing,13.23,2151.0,0.00017488695270364126,6.28,0.0008227627534777448,130.0,0.0009547450830628223,2.0,0.001713796058269066,7476.0,4592.0,912.1693121693121,7.8,1011.0,642.0
Tuvalu,TUV,99,-18,189,128.0,199.0,0.6,0.5638766519823789,81,22974.238999999998,0.30369574069502275,92,24284.0,0.17834638151613516,121,1948.4299999999992,0.2552700050571085,104,628.0,0.5381319622964866,93,Oceania,Polynesia,Least Developed,0.037,3307.0,4.891018329580292e-07,0.01,1.3101317730537338e-06,0.0,0.0,,,12.0,0.0,324.3243243243243,,2.0,
Colombia,COL,86,-5,131,128.0,99.0,1.3,0.5638766519823789,81,25659.820999999985,0.3391963644452684,84,53990.0,0.39651297718893663,76,2168.9499999999994,0.28416103091648953,93,708.0,0.6066838046272495,78,Americas,Latin America and the Caribbean,Developing,282.463,5806.0,0.0037338694876438865,49.46,0.006479911749523767,1142.0,0.008387068345059562,9.0,0.007712082262210797,44831.0,31045.0,268.6227930737831,10.9,1405.0,5835.0
Macedonia (the former Yugoslav Republic of),MKD,88,-5,131,126.0,84.0,1.5,0.5550660792951542,83,27865.752999999997,0.3683565099744784,76,37330.0,0.2741587226979626,96,2296.66,0.30089272379015886,92,707.0,0.6058269065981149,79,Europe,Southern Europe,Developed,10.746,5163.0,0.00014205103505316168,2.09,0.00027381754056823035,26.0,0.00019094901661256445,1.0,0.000856898029134533,6757.0,4785.0,1074.0740740740741,32.0,262.0,283.0
Marshall Islands,MHL,77,7,41,125.0,95.0,1.3,0.5506607929515418,84,43077.841,0.5694446214317443,45,36592.0,0.26873870830334445,98,2426.7999999999993,0.3179427786846801,85,695.0,0.5955441302485004,83,Oceania,Micronesia,Developing,0.183,3449.0,2.4190712278734957e-06,0.05,6.5506588652686695e-06,0.0,0.0,1.0,0.000856898029134533,86.0,28.0,622.9508196721312,,5.0,
Tonga,TON,75,9,31,125.0,70.0,1.8,0.5506607929515418,84,35330.25000000001,0.4670294603747409,63,34630.0,0.25432940174204244,104,3415.100000000001,0.44742310181558087,36,693.0,0.5938303341902315,85,Oceania,Polynesia,Developing,0.401,3748.0,5.300806351788371e-06,0.11,1.4411449503591072e-05,1.0,7.344192946637094e-06,,,209.0,14.0,556.1097256857855,1.1,47.0,
Montenegro,MNE,89,-3,114,124.0,96.0,1.3,0.5462555066079295,86,24862.219999999987,0.3286529019839398,87,52447.0,0.3851808874722756,80,2050.1299999999997,0.26859404518906504,99,716.0,0.6135389888603258,76,Europe,Southern Europe,Developed,4.374,6958.0,5.781976803671404e-05,0.63,8.253830170238523e-05,14.0,0.00010281870125291932,4.0,0.003427592116538132,2263.0,354.0,598.3081847279378,19.7,1088.0,978.0
Kiribati,KIR,100,-14,175,124.0,73.0,1.7,0.5462555066079295,86,23285.555999999997,0.30781103029856316,89,24273.0,0.1782655953937221,122,1910.669999999999,0.2503229474820577,109,640.0,0.548414738646101,92,Oceania,Micronesia,Least Developed,0.174,1518.0,2.3001005117485697e-06,0.12,1.5721581276644806e-05,1.0,7.344192946637094e-06,1.0,0.000856898029134533,117.0,11.0,735.632183908046,30.6,5.0,3.0
Moldova (Republic of),MDA,93,-5,131,123.0,102.0,1.2,0.5418502202643172,88,21215.393999999993,0.28044562411693996,96,46892.0,0.3443838956537066,87,1999.3699999999994,0.26194381630904434,103,687.0,0.5886889460154243,87,Europe,Eastern Europe,Developed,6.773,1668.0,8.953207336823599e-05,4.04,0.0005292932363137084,34.0,0.0002497025601856612,1.0,0.000856898029134533,4020.0,2045.0,895.4672966189281,7.5,64.0,331.0
Micronesia (Federated States of),FSM,87,2,64,122.0,199.0,0.6,0.5374449339207048,89,42098.791000000005,0.5565025903626212,46,34342.0,0.252214274173411,106,2119.4899999999984,0.27768111916696575,96,694.0,0.5946872322193659,84,Oceania,Micronesia,Developing,0.33,3144.0,4.362259591247287e-06,0.11,1.4411449503591072e-05,1.0,7.344192946637094e-06,1.0,0.000856898029134533,40.0,6.0,139.39393939393938,,45.0,
Russian Federation,RUS,82,8,36,120.0,47.0,2.6,0.5286343612334802,90,14613.719999999998,0.19317830373879488,102,63182.0,0.46402079875442476,50,2721.68,0.3565759444084886,71,471.0,0.40359897172236475,95,Europe,Eastern Europe,Developed,1246.015,8655.0,0.016471032983599965,143.96,0.018860657004881553,17098.0,0.12557101100160104,28.0,0.023993144815766924,182257.0,309228.0,394.4454922292267,7.4,22281.0,12823.0
Bosnia and Herzegovina,BIH,60,31,3,119.0,102.0,1.2,0.5242290748898678,91,35394.155999999995,0.4678742317730386,62,59186.0,0.43467340373966284,62,3569.07,0.46759520072528904,21,730.0,0.6255355612682092,75,Europe,Southern Europe,Developed,16.91,4808.0,0.00022353275663027767,3.5,0.00045854612056880683,51.0,0.00037455384027849177,3.0,0.002570694087403599,9142.0,5328.0,855.7066824364282,27.2,365.0,770.0
Palau,PLW,82,9,31,119.0,197.0,0.6,0.5242290748898678,91,43172.920999999995,0.5707014809527619,44,35376.0,0.2598081696802338,100,2364.0699999999993,0.30972432207231404,88,693.0,0.5938303341902313,85,Oceania,Micronesia,Developing,0.31,14428.0,4.097880222080785e-06,0.02,2.6202635461074676e-06,0.0,0.0,1.0,0.000856898029134533,154.0,7.0,519.3548387096774,,85.0,
Albania,ALB,97,-4,123,116.0,90.0,1.3,0.5110132158590308,93,23054.19899999999,0.30475272941295045,91,32124.0,0.23592485421776987,109,2057.3899999999994,0.26954520085630207,97,641.0,0.5492716366752357,91,Europe,Southern Europe,Developed,11.864,4054.0,0.00015682984178956916,2.93,0.00038386860950474403,29.0,0.00021298159545247574,3.0,0.002570694087403599,4669.0,1962.0,558.9177343223196,14.2,2191.0,1821.0
Georgia,GEO,94,0,78,115.0,94.0,1.2,0.5066079295154186,94,22469.45699999999,0.29702304335869245,93,39198.0,0.28787767512228074,94,2119.77,0.2777178028566113,95,675.0,0.57840616966581,89,Asia,Western Asia,Developing,14.333,3651.0,0.00018946747491317386,3.91,0.0005122615232640099,70.0,0.0005140935062645966,3.0,0.002570694087403599,7236.0,2114.0,652.3407521105142,16.3,1067.0,2370.0
Turkey,TUR,94,1,71,112.0,78.0,1.4,0.4933920704845815,95,17590.40399999999,0.23252699564519588,99,42981.0,0.3156607570394089,91,2429.8,0.31833581821659623,84,421.0,0.3607540702656382,96,Asia,Western Asia,Developing,863.712,10863.0,0.0114173816850769,81.92,0.010732599484856187,784.0,0.005757847270163482,18.0,0.015424164524421594,198618.0,142530.0,394.9788818495054,10.7,31364.0,26695.0
South Africa,ZAF,98,-2,106,102.0,77.0,1.3,0.44933920704845814,96,11318.518999999997,0.1496191456559535,106,52818.0,0.3879055830554779,78,1941.6799999999998,0.2543856661102974,105,322.0,0.27592116538131956,102,Africa,Sub-Saharan Africa,Developing,295.44,5274.0,0.003905412041327571,57.4,0.007520156377328432,1221.0,0.008967259587843892,10.0,0.00856898029134533,74744.0,74111.0,503.84172759274304,24.7,8074.0,8807.0
Belize,BLZ,106,-10,159,102.0,107.0,1.0,0.44933920704845814,96,12286.987,0.1624212936008507,105,31800.0,0.23354533570305946,110,1936.9099999999992,0.25376073325455073,107,332.0,0.2844901456726649,101,Americas,Latin America and the Caribbean,Developing,1.741,4745.0,2.301422408594402e-05,0.38,4.978500737604189e-05,23.0,0.00016891643777265316,1.0,0.000856898029134533,952.0,246.0,688.110281447444,11.3,242.0,391.0
Timor-Leste,TLS,109,-11,164,98.0,199.0,0.5,0.43171806167400884,98,20692.046,0.2735275034122123,97,19729.0,0.14489358264420324,131,1624.6699999999994,0.21285317877272084,116,572.0,0.4901456726649527,94,Asia,South-eastern Asia,Least Developed,2.703,2131.0,3.573087174285278e-05,1.32,0.00017293739404309287,15.0,0.00011016289419955641,,,647.0,94.0,274.13984461709214,3.3,40.0,58.0
Ecuador,ECU,72,27,6,94.0,186.0,0.5,0.41409691629955947,99,23257.89,0.3074453143171952,90,63537.0,0.4666279872504809,49,3495.9100000000003,0.45801027667362787,27,384.0,0.3290488431876605,97,Americas,Latin America and the Caribbean,Developing,98.01,5982.0,0.0012955910986004444,16.86,0.0022088821693685952,257.0,0.0018874575872857332,5.0,0.004284490145672665,16189.0,16798.0,336.5676971737578,4.1,1047.0,1449.0
Kuwait,KWT,111,-11,164,92.0,60.0,1.5,0.4052863436123348,100,10602.072,0.14014845536089182,110,21792.0,0.16004465269311557,124,1830.8899999999996,0.2398707161966352,111,299.0,0.2562125107112253,106,Asia,Western Asia,Developing,110.346,27229.0,0.001458660293502343,4.2,0.0005502553446825682,18.0,0.0001321954730394677,,,30820.0,46242.0,698.3669548511047,1.8,5208.0,831.0
Fiji,FJI,81,20,13,90.0,109.0,0.8,0.3964757709251101,101,22121.74200000001,0.29242660974120605,94,57127.0,0.4195517104625371,69,3365.940000000001,0.4409824940192485,43,349.0,0.29905741216795184,99,Oceania,Melanesia,Developing,4.671,5197.0,6.17458016688366e-05,0.91,0.00011922199134788978,18.0,0.0001321954730394677,1.0,0.000856898029134533,2316.0,926.0,694.0697923356882,8.9,632.0,
Guyana,GUY,105,-3,114,89.0,56.0,1.6,0.3920704845814978,102,10574.359,0.13978211808800625,111,48432.0,0.3556939527915276,85,1881.8199999999997,0.24654321731679774,110,277.0,0.2373607540702656,108,Americas,Latin America and the Caribbean,Developing,3.437,4444.0,4.543359459126341e-05,0.78,0.00010219027829819124,215.0,0.0015790014835269752,,,1625.0,1453.0,895.5484434099506,10.9,152.0,
Nauru,NRU,128,-25,195,87.0,15.0,5.8,0.3832599118942731,103,8599.897,0.11368176718784477,118,16551.0,0.12155373745979055,152,1347.0299999999993,0.17647868022565713,144,221.0,0.18937446443873177,124,Oceania,Micronesia,Developing,0.103,9119.0,1.3615537512074865e-06,0.01,1.3101317730537338e-06,0.0,0.0,,,,,,,,
Maldives,MDV,102,1,71,87.0,199.0,0.4,0.3832599118942731,103,10372.164,0.1371093087605752,113,21857.0,0.16052202523464698,123,3041.680000000001,0.39850016114620823,58,266.0,0.22793487574978571,110,Asia,Southern Asia,Developing,4.224,9875.0,5.583692276796528e-05,0.44,5.764579801436429e-05,0.0,0.0,,,2128.0,140.0,536.9318181818181,4.6,792.0,2864.0
Qatar,QAT,96,9,31,86.0,94.0,0.9,0.3788546255506608,105,21729.84900000001,0.2872461885351676,95,29218.0,0.21458262951484253,114,3125.450000000002,0.40947513500907917,55,347.0,0.29734361610968296,100,Asia,Western Asia,Developing,152.452,59324.0,0.0020152581794085802,2.69,0.0003524254469514544,12.0,8.813031535964513e-05,1.0,0.000856898029134533,32060.0,57311.0,586.2238606249836,0.4,1700.0,12593.0
Papua New Guinea,PNG,114,-8,148,84.0,72.0,1.2,0.3700440528634361,106,9278.702,0.1226548690721981,116,27678.0,0.20327257237702134,118,1502.5799999999997,0.19685777995550793,127,237.0,0.20308483290488424,115,Oceania,Melanesia,Developing,19.694,2436.0,0.00026033436481825474,8.42,0.0011031309529112437,463.0,0.0034003613342929746,1.0,0.000856898029134533,2101.0,8176.0,521.8340611353713,2.0,140.0,2.0
Jamaica,JAM,108,-2,106,84.0,122.0,0.7,0.3700440528634361,106,10519.282000000001,0.1390540569622271,112,34360.0,0.25234646964645036,105,1924.7399999999998,0.25216630288674435,108,302.0,0.258783204798629,104,Americas,Latin America and the Caribbean,Developing,14.057,4879.0,0.00018581903961867611,2.9,0.0003799382141855828,11.0,8.078612241300803e-05,1.0,0.000856898029134533,4767.0,1202.0,424.62829906807997,12.4,1922.0,2539.0
Botswana,BWA,127,-19,191,83.0,105.0,0.8,0.3656387665198238,108,7403.529,0.09786701633129527,122,18605.0,0.13663870977218318,138,1376.4499999999996,0.18033308790198116,140,207.0,0.17737789203084828,128,Africa,Sub-Saharan Africa,Developing,15.566,6917.0,0.00020576646302228872,2.33,0.00030526070312152,582.0,0.004274320294942789,2.0,0.001713796058269066,6103.0,7321.0,862.3923936785301,17.9,1973.0,1075.0
Bahrain,BHR,115,-6,141,82.0,71.0,1.2,0.36123348017621143,109,7734.345,0.1022400626008045,119,20309.0,0.1491532145532528,127,1608.0399999999997,0.21067442963413271,117,244.0,0.20908311910882602,114,Asia,Western Asia,Developing,32.179,22579.0,0.00042537318602044383,1.57,0.0002056906883694362,1.0,7.344192946637094e-06,2.0,0.001713796058269066,14749.0,12892.0,858.9763510363902,1.1,11952.0,
Suriname,SUR,110,0,78,81.0,71.0,1.1,0.3568281938325991,110,13708.757,0.18121562638584363,103,29114.0,0.21381883344839223,115,1805.5899999999997,0.23655608281080912,112,267.0,0.2287917737789203,109,Americas,Latin America and the Caribbean,Developing,3.278,5871.0,4.333177860638972e-05,0.57,7.467751106406282e-05,164.0,0.0012044476432484833,2.0,0.001713796058269066,1174.0,1235.0,734.8993288590603,7.6,205.0,74.0
Bolivia (Plurinational State of),BOL,107,4,53,80.0,198.0,0.4,0.3524229074889868,111,10366.800000000001,0.13703840221376476,114,49643.0,0.36458777044990515,84,1939.66,0.2541210194921405,106,283.0,0.2425021422450728,107,Americas,Latin America and the Caribbean,Developing,33.806,3105.0,0.00044688044770213874,11.22,0.0014699678493662893,1099.0,0.008071268048354166,7.0,0.005998286203941731,8427.0,7082.0,458.76471632254635,2.5,679.0,801.0
Belarus,BLR,85,27,6,78.0,93.0,0.8,0.3436123348017621,112,20420.070000000007,0.26993226124679104,98,61453.0,0.45132268914968915,54,3286.710000000002,0.4306023199813438,49,368.0,0.315338474721508,98,Europe,Eastern Europe,Developed,47.408,5001.0,0.0006266848566722769,9.45,0.0012380745255357783,208.0,0.0015275921329005156,4.0,0.003427592116538132,27610.0,23537.0,1078.8685453931826,1.2,119.0,1019.0
Kazakhstan,KAZ,103,10,26,77.0,62.0,1.2,0.3392070484581498,113,11175.231000000003,0.14772502610349697,108,51290.0,0.37668365623301653,82,2004.8199999999997,0.2626578381253587,102,301.0,0.25792630676949446,105,Asia,Central Asia,Developing,135.005,7505.0,0.001784626836716182,18.4,0.00241064246241887,2725.0,0.02001292577958608,5.0,0.004284490145672665,25175.0,36775.0,458.87189363356913,5.8,2991.0,1716.0
Oman,OMN,120,-7,144,77.0,76.0,1.0,0.3392070484581498,113,7551.415,0.09982191670072309,120,19917.0,0.14627429091817104,128,1534.89,0.20109081571424461,125,230.0,0.1970865467009426,118,Asia,Western Asia,Developing,63.171,14277.0,0.0008350554564808557,4.83,0.0006327936463849535,310.0,0.0022766998134574994,5.0,0.004284490145672665,23260.0,24455.0,755.3307688654604,18.2,1441.0,2497.0
Thailand,THA,101,14,17,76.0,79.0,1.0,0.33480176211453744,115,15103.48,0.19965242573094427,101,50337.0,0.36968464035487125,83,2051.2,0.2687342292887819,98,305.0,0.2613538988860325,103,Asia,South-eastern Asia,Developing,407.026,5911.0,0.005380463855718238,69.18,0.009063491605985732,513.0,0.003767570981624829,5.0,0.004284490145672665,195714.0,213593.0,1005.6040646052095,0.6,15936.0,52465.0
Namibia,NAM,117,-2,106,76.0,55.0,1.4,0.33480176211453744,115,8662.011999999999,0.1145028634136336,117,26438.0,0.1941657731231914,120,1577.4499999999994,0.20666673654036125,120,226.0,0.1936589545844044,120,Africa,Sub-Saharan Africa,Developing,10.947,4415.0,0.000144708047713285,2.59,0.000339324129220917,824.0,0.006051614988028965,2.0,0.001713796058269066,6721.0,4816.0,1053.8960445784235,22.1,984.0,378.0
China,CHN,104,13,21,75.0,19.0,3.9,0.3303964757709251,117,15231.691000000004,0.20134724289595451,100,28379.0,0.20842085163261395,116,2847.03,0.3729984461837172,65,255.0,0.21850899742930593,113,Asia,Eastern Asia,Developing,11218.281,7993.0,0.14829410269562793,1415.05,0.18539019654596858,9600.0,0.0705042522877161,53.0,0.04541559554413025,1587921.0,2097637.0,328.53143899675894,4.2,55664.0,44432.0
Lesotho,LSO,129,-12,169,75.0,72.0,1.0,0.3303964757709251,117,10864.136000000002,0.14361267111095438,109,16483.0,0.12105433233941923,153,1431.9499999999996,0.1876043192424294,134,206.0,0.17652099400171378,129,Africa,Sub-Saharan Africa,Least Developed,2.241,1017.0,2.962370831510658e-05,2.26,0.0002960897807101438,30.0,0.00022032578839911282,1.0,0.000856898029134533,1726.0,648.0,1059.3485051316377,25.9,426.0,48.0
Saudi Arabia,SAU,123,-4,123,74.0,5.0,14.8,0.32599118942731276,119,7290.287,0.09637007390513759,123,19383.0,0.14235249188466678,132,1530.47,0.20051173747055487,126,221.0,0.18937446443873177,124,Asia,Western Asia,Developing,639.617,19817.0,0.008455076948408533,33.55,0.004395492098595277,2207.0,0.016208633833228066,5.0,0.004284490145672665,129796.0,207572.0,527.4531477431026,5.6,10850.0,12139.0
Eswatini,SWZ,137,-17,186,73.0,94.0,0.8,0.32158590308370044,120,6019.701000000001,0.07957423764754812,127,16189.0,0.11889513961310792,157,1279.9599999999996,0.1676916264237857,153,179.0,0.15338474721508136,133,Africa,Sub-Saharan Africa,Developing,4.007,2983.0,5.2968406612508724e-05,1.39,0.000182108316454469,17.0,0.0001248512800928306,,,541.0,1400.0,484.4022959820315,27.8,868.0,13.0
Kenya,KEN,136,-15,178,72.0,187.0,0.4,0.31718061674008813,121,3863.1760000000004,0.0510672016929586,149,19778.0,0.14525344809858845,130,1458.6799999999996,0.19110630147180202,130,156.0,0.1336760925449871,145,Africa,Sub-Saharan Africa,Developing,70.526,1455.0,0.0009322809694918369,50.95,0.006675121383708774,592.0,0.0043477622244091595,7.0,0.005998286203941731,14098.0,5695.0,280.6482715594249,12.1,1470.0,1620.0
Indonesia,IDN,116,5,46,72.0,170.0,0.4,0.31718061674008813,121,7014.946000000004,0.09273034991085385,124,30439.0,0.22354988910268642,112,1627.2999999999993,0.2131977434290341,115,235.0,0.2013710368466152,116,Asia,South-eastern Asia,Developing,932.259,3570.0,0.012323502315989712,266.8,0.03495431570507362,1911.0,0.014034752721023487,8.0,0.006855184233076264,135653.0,144490.0,300.49911022580636,5.6,7003.0,12599.0
Malawi,MWI,141,-20,193,72.0,146.0,0.5,0.31718061674008813,121,4226.747000000001,0.0558732352743203,140,16171.0,0.11876294414006845,158,1255.7199999999996,0.16451586700590343,157,171.0,0.1465295629820051,137,Africa,Sub-Saharan Africa,Least Developed,5.318,294.0,7.029847426137294e-05,19.16,0.002510212477170954,118.0,0.0008666147677031771,2.0,0.001713796058269066,1416.0,1023.0,458.631064309891,6.7,746.0,43.0
Zambia,ZMB,142,-18,189,69.0,137.0,0.5,0.3039647577092511,124,3954.186,0.052270260012350765,144,17064.0,0.12532130844141537,147,1256.1899999999998,0.16457744319923698,156,153.0,0.13110539845758354,149,Africa,Sub-Saharan Africa,Least Developed,21.063,1270.0,0.00027843113263770187,17.61,0.0023071420523476252,753.0,0.005530177288817732,1.0,0.000856898029134533,7457.0,6490.0,662.1563879789204,13.2,815.0,683.0
"Tanzania, United Republic of",TZA,140,-16,182,69.0,176.0,0.4,0.3039647577092511,124,3876.3030000000003,0.05124072709191103,148,19129.0,0.140487066876221,134,1335.74,0.17499954145387941,145,152.0,0.130248500428449,151,Africa,Sub-Saharan Africa,Least Developed,47.653,881.0,0.0006299235039445666,59.09,0.007741568646974514,947.0,0.006954950720465328,7.0,0.005998286203941731,7876.0,4742.0,264.7892052966235,3.0,754.0,2157.0
Gambia,GMB,138,-14,175,69.0,125.0,0.6,0.3039647577092511,124,3718.2370000000005,0.049151257623577416,153,17482.0,0.12839118109310968,145,1449.3399999999997,0.18988263839576983,131,158.0,0.13538988860325618,142,Africa,Sub-Saharan Africa,Least Developed,0.986,484.0,1.3033902899908562e-05,2.16,0.0002829884629796065,11.0,8.078612241300803e-05,2.0,0.001713796058269066,384.0,94.0,484.7870182555781,9.4,91.0,120.0
Tunisia,TUN,113,14,17,67.0,97.0,0.7,0.29515418502202645,127,12512.654000000002,0.1654043785559356,104,30505.0,0.2240346058371645,111,1653.9699999999996,0.2166918648677684,114,262.0,0.2245072836332476,111,Africa,Northern Africa,Developing,41.704,3657.0,0.0005512838605859906,11.66,0.0015276136473806536,164.0,0.0012044476432484833,8.0,0.006855184233076264,19487.0,13575.0,792.7776712065988,13.1,7828.0,1706.0
Azerbaijan,AZE,126,1,71,67.0,25.0,2.7,0.29515418502202645,127,5506.915000000003,0.07279573568767742,131,35105.0,0.25781789339169525,101,1332.1899999999998,0.17453444467444532,146,222.0,0.19023136246786637,122,Asia,Western Asia,Developing,37.847,3892.0,0.0005002982992422305,9.92,0.001299650718869304,87.0,0.0006389447863574272,2.0,0.001713796058269066,8516.0,9067.0,464.5810764393479,5.6,1280.0,2855.0
Philippines,PHL,121,6,44,67.0,161.0,0.4,0.29515418502202645,127,6720.618000000002,0.08883963736245193,126,27485.0,0.20185514313832045,119,1561.6599999999996,0.20459803847070937,122,217.0,0.1859468723221936,126,Asia,South-eastern Asia,Developing,304.906,2951.0,0.004030542796754077,106.51,0.01395421351479532,300.0,0.0022032578839911283,6.0,0.005141388174807198,85909.0,56313.0,466.4453962860685,3.6,3520.0,6333.0
Dominican Republic,DOM,122,8,36,66.0,108.0,0.6,0.2907488986784141,130,11253.355000000003,0.1487577447953352,107,18173.0,0.13346601841923594,142,1564.6399999999996,0.2049884577390794,121,222.0,0.19023136246786626,122,Americas,Latin America and the Caribbean,Developing,71.584,6722.0,0.0009462666381207449,10.88,0.0014254233690824624,49.0,0.0003598654543852176,1.0,0.000856898029134533,17789.0,8745.0,370.6694233348234,5.0,4125.0,6723.0
Cuba,CUB,132,-2,106,66.0,19.0,3.5,0.2907488986784141,130,4632.487000000002,0.06123669953660112,136,34842.0,0.25588637064672964,103,1287.2999999999995,0.16865326314520715,152,192.0,0.16452442159383032,132,Americas,Latin America and the Caribbean,Developing,89.689,7815.0,0.001185596062058721,11.49,0.0015053414072387402,110.0,0.0008078612241300804,9.0,0.007712082262210797,4913.0,18003.0,255.50513440890188,2.5,2507.0,3069.0
Cabo Verde,CPV,130,0,78,66.0,198.0,0.3,0.2907488986784141,130,4504.471000000001,0.0595444600704402,137,20562.0,0.15101129536875196,125,1581.52,0.20719996017199407,118,177.0,0.1516709511568123,134,Africa,Sub-Saharan Africa,Developing,1.639,3038.0,2.166588930319486e-05,0.55,7.205724751795537e-05,4.0,2.9376771786548375e-05,1.0,0.000856898029134533,672.0,60.0,446.6137888956681,10.7,336.0,402.0
Uganda,UGA,164,-31,198,65.0,198.0,0.3,0.28634361233480177,133,3455.9559999999997,0.04568417335735944,163,14742.0,0.10826809241932406,168,1179.1599999999996,0.15448549815140405,165,134.0,0.11482433590402742,171,Africa,Sub-Saharan Africa,Least Developed,25.308,610.0,0.000334545653743292,44.27,0.00579995335930888,242.0,0.0017772946930861768,3.0,0.002570694087403599,4829.0,2482.0,288.88098624940733,4.0,946.0,
Zimbabwe,ZWE,139,-6,141,65.0,145.0,0.4,0.28634361233480177,133,3985.76,0.05268763572245393,143,19340.0,0.14203669158796142,133,1317.2499999999998,0.17257710780550306,148,157.0,0.13453299057412166,143,Africa,Sub-Saharan Africa,Developing,16.124,998.0,0.0002131426474220341,16.91,0.0022154328282338637,391.0,0.0028715794421351037,5.0,0.004284490145672665,5212.0,2832.0,498.88365169933024,5.3,2239.0,194.0
Kyrgyzstan,KGZ,119,14,17,65.0,82.0,0.8,0.28634361233480177,133,5647.571000000002,0.0746550629151516,129,36681.0,0.26939234147559526,97,1536.2199999999996,0.20126506324006063,124,232.0,0.19880034275921168,117,Asia,Central Asia,Developing,6.551,1100.0,8.659746237048781e-05,6.13,0.0008031107768819388,200.0,0.0014688385893274188,3.0,0.002570694087403599,3844.0,1423.0,803.9993894061975,8.6,855.0,477.0
Ghana,GHA,151,-15,178,64.0,55.0,1.2,0.28193832599118945,136,3353.8729999999996,0.044334741400228236,165,17037.0,0.12512301523185618,148,1374.4699999999996,0.18007368181091654,141,143.0,0.12253641816623823,158,Africa,Sub-Saharan Africa,Developing,42.794,1517.0,0.0005656925362055649,29.46,0.0038596482034162997,239.0,0.0017552621142462655,2.0,0.001713796058269066,11361.0,10656.0,514.4880123381782,5.3,931.0,952.0
Sierra Leone,SLE,171,-34,199,63.0,18.0,3.5,0.2775330396475771,137,2281.530999999999,0.030159486325690953,180,13728.0,0.10082108077143402,176,971.2099999999998,0.1272413079307517,176,118.0,0.10111396743787489,181,Africa,Sub-Saharan Africa,Least Developed,3.675,497.0,4.8579709084344786e-05,7.72,0.0010114217287974824,72.0,0.0005287818921578708,,,958.0,466.0,387.4829931972789,4.3,39.0,
Morocco,MAR,124,14,17,62.0,72.0,0.9,0.27312775330396477,138,7438.991000000001,0.09833578739076437,121,28182.0,0.2069740456221265,117,1468.37,0.19237581915989108,129,226.0,0.1936589545844045,120,Africa,Northern Africa,Developing,103.607,2937.0,0.00136957766506169,36.19,0.004741366886681462,447.0,0.003282854247146781,9.0,0.007712082262210797,41696.0,22858.0,623.0660090534424,9.1,9288.0,7921.0
Mongolia,MNG,112,26,9,62.0,22.0,2.8,0.27312775330396477,138,9630.911000000002,0.12731070873393635,115,47231.0,0.3468735770626165,86,1734.4899999999993,0.22724104590439706,113,262.0,0.2245072836332476,111,Asia,Eastern Asia,Developing,11.16,3686.0,0.00014752368799490827,3.12,0.00040876111319276495,1564.0,0.011486317768540415,5.0,0.004284490145672665,3340.0,4916.0,739.7849462365591,6.6,456.0,379.0
India,IND,125,13,21,62.0,5.0,12.4,0.27312775330396477,138,5206.157000000002,0.06882002517208846,134,18370.0,0.13491282442972344,140,2446.68,0.32054732064951097,83,198.0,0.16966580976863757,131,Asia,Southern Asia,Developing,2259.642,1706.0,0.029870136325106673,1354.05,0.17739839273034083,3287.0,0.02414036221559613,37.0,0.031705227077977724,356705.0,260327.0,273.06626447906353,3.5,5776.0,23111.0
Benin,BEN,134,4,53,62.0,199.0,0.3,0.27312775330396477,138,4365.279000000001,0.05770448541278901,138,20351.0,0.1494616706570115,126,1538.4900000000002,0.20156246315254384,123,173.0,0.14824335904027416,135,Africa,Sub-Saharan Africa,Least Developed,8.894,818.0,0.00011756950546834356,11.49,0.0015053414072387402,115.0,0.0008445821888632658,2.0,0.001713796058269066,2630.0,410.0,341.80346300876994,1.0,199.0,
Armenia,ARM,118,20,13,62.0,134.0,0.5,0.27312775330396477,138,6989.850000000004,0.09239860667842374,125,45238.0,0.3322366005199688,88,1488.1199999999994,0.19496332941167221,128,230.0,0.1970865467009426,118,Asia,Western Asia,Developing,10.572,3615.0,0.0001397509345414131,2.93,0.00038386860950474403,30.0,0.00022032578839911282,3.0,0.002570694087403599,3218.0,1808.0,475.4067347710935,19.0,684.0,988.0
Tajikistan,TJK,133,10,26,59.0,83.0,0.7,0.2599118942731278,143,5315.594000000001,0.0702666694232622,133,33987.0,0.24960708567735496,107,1357.5599999999995,0.17785824898268263,142,204.0,0.17480719794344474,130,Asia,Central Asia,Developing,6.952,796.0,9.189826872227618e-05,9.11,0.0011935300452519514,143.0,0.0010502195913691045,2.0,0.001713796058269066,3030.0,899.0,565.1611047180668,11.7,160.0,150.0
Mozambique,MOZ,159,-16,182,59.0,199.0,0.3,0.2599118942731278,143,3592.5170000000003,0.047489368908996764,161,16469.0,0.1209515136381663,154,1203.3799999999999,0.1576586373057402,159,134.0,0.11482433590402741,171,Africa,Sub-Saharan Africa,Least Developed,10.93,379.0,0.00014448332524949348,30.53,0.003999832303133049,799.0,0.005868010164363038,1.0,0.000856898029134533,5295.0,3352.0,791.1253430924063,22.2,1718.0,114.0
Mauritania,MRT,144,-1,94,59.0,199.0,0.3,0.2599118942731278,143,3754.186000000001,0.04962646632068574,152,18874.0,0.13861429767482852,136,1252.5500000000002,0.16410055523384542,158,160.0,0.13710368466152525,141,Africa,Sub-Saharan Africa,Least Developed,4.667,1085.0,6.16929257950033e-05,4.54,0.0005947998249663951,1031.0,0.007571862927982844,2.0,0.001713796058269066,2174.0,1623.0,813.584743946861,10.2,,
Uzbekistan,UZB,131,12,23,59.0,19.0,3.1,0.2599118942731278,143,5572.126000000002,0.07365775783981326,130,34944.0,0.25663547832728667,102,1311.27,0.17179364900521693,150,212.0,0.18166238217652103,127,Asia,Central Asia,Developing,67.779,2155.0,0.0008959684631368178,32.37,0.004240896549374936,449.0,0.0032975426330400554,5.0,0.004284490145672665,12101.0,12568.0,363.9622892046209,8.2,975.0,
Sao Tome and Principe,STP,155,-12,169,59.0,57.0,1.0,0.2599118942731278,143,4011.4370000000004,0.05302705917555832,142,14835.0,0.10895110236336128,166,1312.7699999999998,0.171990168771175,149,151.0,0.12939160239931446,152,Africa,Sub-Saharan Africa,Least Developed,0.343,1715.0,4.534106181205514e-06,0.21,2.751276723412841e-05,1.0,7.344192946637094e-06,,,139.0,10.0,434.402332361516,14.6,8.0,69.0
Burkina Faso,BFA,146,2,64,58.0,70.0,0.8,0.2555066079295154,148,3678.3010000000004,0.04862334489922574,154,18572.0,0.1363963514049441,139,1418.4,0.18582909068994155,137,148.0,0.12682090831191087,155,Africa,Sub-Saharan Africa,Least Developed,11.695,627.0,0.0001545958361201122,19.75,0.002587510251781124,273.0,0.0020049646744319267,2.0,0.001713796058269066,3343.0,2520.0,501.3253527148354,4.7,274.0,
Senegal,SEN,147,2,64,57.0,136.0,0.4,0.2511013215859031,149,3610.726,0.04773007310565442,159,18316.0,0.13451623801060503,141,1414.0500000000002,0.18525918336866318,138,153.0,0.13110539845758354,149,Africa,Sub-Saharan Africa,Least Developed,14.605,948.0,0.00019306303433383828,16.29,0.002134204658304532,197.0,0.0014468060104875075,7.0,0.005998286203941731,5478.0,2640.0,555.8370421088669,10.2,900.0,
Guinea,GIN,157,-8,148,57.0,23.0,2.5,0.2511013215859031,149,3662.082,0.04840894644980016,155,16327.0,0.11990863823974383,155,1301.4099999999999,0.17050185907698592,151,150.0,0.1285347043701799,153,Africa,Sub-Saharan Africa,Least Developed,8.476,684.0,0.00011204397665276366,13.05,0.0017097219638351226,246.0,0.001806671464872725,1.0,0.000856898029134533,2122.0,1743.0,455.9933931099575,4.5,12.0,17.0
Cte d'Ivoire,CIV,144,5,46,57.0,24.0,2.4,0.2511013215859031,149,3413.5170000000003,0.045123173554956576,164,18843.0,0.13838662769348276,137,1444.44,0.1892406738269735,132,154.0,0.13196229648671806,148,Africa,Sub-Saharan Africa,Developing,36.768,1552.0,0.00048603503227569774,24.91,0.003263538246676851,322.0,0.002364830128817144,4.0,0.003427592116538132,7675.0,10054.0,482.1855961705831,3.1,252.0,
Gabon,GAB,151,1,71,56.0,57.0,1.0,0.24669603524229075,152,3908.9500000000003,0.051672286755169966,146,16976.0,0.1246750194621113,149,1263.62,0.16555087110661584,155,155.0,0.13281919451585258,146,Africa,Sub-Saharan Africa,Developing,13.863,7002.0,0.00018325455973776104,2.07,0.0002711972770221229,268.0,0.0019682437096987413,1.0,0.000856898029134533,2931.0,2854.0,417.29784317968694,20.4,,
Togo,TGO,153,-1,94,56.0,199.0,0.3,0.24669603524229075,152,3610.406,0.04772584303574775,160,18114.0,0.13303271103538433,143,1426.61,0.18690470887561866,135,142.0,0.12167952013710367,160,Africa,Sub-Saharan Africa,Least Developed,4.449,585.0,5.8811190671088425e-05,7.99,0.0010467952866699333,57.0,0.00041861899795831434,1.0,0.000856898029134533,1716.0,715.0,546.4149247021803,1.9,202.0,
Mali,MLI,147,5,46,56.0,25.0,2.2,0.24669603524229075,152,3528.034000000001,0.04663697016589859,162,19780.0,0.14526813648448167,129,1418.4500000000003,0.18583564134880684,136,144.0,0.12339331619537275,157,Africa,Sub-Saharan Africa,Least Developed,14.002,778.0,0.00018509199635346823,19.11,0.0025036618183056853,1240.0,0.009106799253829997,4.0,0.003427592116538132,3845.0,2848.0,478.00314240822735,8.1,169.0,
Bhutan,BTN,150,2,64,56.0,4.0,14.0,0.24669603524229075,152,4338.363000000001,0.05734868365776471,139,15447.0,0.1134457484467032,162,1327.72,0.17394881577189036,147,157.0,0.13453299057412166,143,Asia,Southern Asia,Least Developed,2.213,2774.0,2.9253577198273477e-05,0.82,0.00010743080539040616,38.0,0.0002790793319722096,,,1003.0,525.0,690.4654315408947,3.3,41.0,137.0
Niger,NER,168,-12,169,55.0,21.0,2.6,0.2422907488986784,156,2784.7930000000006,0.03681209082996457,174,15923.0,0.11694158428930244,159,1121.56,0.14693913913861453,169,139.0,0.11910882604970006,164,Africa,Sub-Saharan Africa,Least Developed,7.528,364.0,9.951239455427145e-05,22.31,0.00292290398568288,1267.0,0.009305092463389198,3.0,0.002570694087403599,1861.0,927.0,370.3506907545165,0.9,74.0,
Cambodia,KHM,153,3,59,55.0,194.0,0.3,0.2422907488986784,156,4200.499000000001,0.055526263790226196,141,15120.0,0.11104419735315287,164,1443.61,0.1891319328898101,133,147.0,0.12596401028277635,156,Asia,South-eastern Asia,Least Developed,20.017,1270.0,0.0002646040916302938,16.25,0.0021289641312123176,181.0,0.001329298923341314,3.0,0.002570694087403599,12371.0,10069.0,1121.047109956537,0.4,2508.0,3523.0
Rwanda,RWA,158,-2,106,55.0,197.0,0.3,0.2422907488986784,156,3047.3460000000005,0.040282770655603206,170,19079.0,0.14011985722888912,135,1271.6399999999999,0.16660159678860498,154,140.0,0.11996572407883463,162,Africa,Sub-Saharan Africa,Least Developed,8.474,711.0,0.000112017538715847,12.5,0.0016376647163171673,26.0,0.00019094901661256445,,,1778.0,622.0,283.21925890960586,3.0,504.0,470.0
Turkmenistan,TKM,160,-1,94,54.0,2.0,27.0,0.23788546255506607,159,3782.6380000000004,0.05000257241126199,150,13673.0,0.10041715015936897,177,1148.24,0.15043457070912192,167,161.0,0.1379605826906598,140,Asia,Central Asia,Developing,36.18,6389.0,0.0004782622788222026,5.85,0.0007664270872364342,488.0,0.003583966157958902,3.0,0.002570694087403599,2616.0,3741.0,175.70480928689884,4.0,,
Guinea-Bissau,GNB,169,-10,159,54.0,199.0,0.3,0.23788546255506607,159,2427.867999999999,0.03209391051297688,177,14315.0,0.10513212203111,172,1160.35,0.15202114028629002,166,135.0,0.11568123393316194,168,Africa,Sub-Saharan Africa,Least Developed,1.123,618.0,1.4844901578699102e-05,1.91,0.00025023516865326314,36.0,0.0002643909460789354,,,212.0,885.0,976.8477292965272,6.3,22.0,
Madagascar,MDG,167,-8,148,54.0,198.0,0.3,0.23788546255506607,159,3640.5140000000006,0.04812383973809101,156,13619.0,0.10002056374025058,179,1195.86,0.15667341821240377,162,140.0,0.11996572407883463,162,Africa,Sub-Saharan Africa,Least Developed,11.222,451.0,0.00014834326403932442,26.26,0.0034404060360391053,587.0,0.004311041259675974,3.0,0.002570694087403599,2965.0,2256.0,465.2468365710212,3.8,196.0,913.0
Chad,TCD,156,3,59,54.0,16.0,3.4,0.23788546255506607,159,3914.264,0.05174253235355751,145,18094.0,0.13288582717645162,144,1378.4799999999998,0.18059904465191107,139,136.0,0.11653813196229647,166,Africa,Sub-Saharan Africa,Least Developed,11.267,780.0,0.00014893811761994903,15.35,0.0020110522716374813,1284.0,0.009429943743482029,2.0,0.001713796058269066,1373.0,1990.0,298.4822934232715,5.7,71.0,
Comoros,COM,166,-3,114,53.0,198.0,0.3,0.23348017621145375,163,3623.2870000000007,0.04789611656845944,158,13807.0,0.10140127201421835,174,1198.8899999999999,0.15707038813963906,161,149.0,0.12767780634104542,154,Africa,Sub-Saharan Africa,Least Developed,1.15,1445.0,1.520181372707388e-05,0.83,0.0001087409371634599,2.0,1.4688385893274187e-05,,,193.0,20.0,185.21739130434784,4.4,15.0,
Lao People's Democratic Republic,LAO,134,29,4,53.0,167.0,0.3,0.23348017621145375,163,5381.587000000001,0.07113902880873245,132,33574.0,0.24657393399039385,108,1578.81,0.20684491446149653,119,169.0,0.14481576692373607,138,Asia,South-eastern Asia,Least Developed,15.806,2339.0,0.00020893901545228672,6.96,0.0009118517140453987,237.0,0.0017405737283529912,2.0,0.001713796058269066,4107.0,3124.0,457.4844995571302,0.7,1670.0,713.0
Equatorial Guinea,GNQ,180,-15,178,52.0,4.0,13.0,0.2290748898678414,165,2271.7909999999997,0.03003073357290687,181,12333.0,0.09057593161087528,180,830.8199999999999,0.10884836796885032,184,118.0,0.10111396743787492,181,Africa,Sub-Saharan Africa,Developing,10.678,8742.0,0.00014115214519799557,1.31,0.00017162726227003914,28.0,0.00020563740250583863,,,5457.0,7753.0,1237.1230567522007,5.6,,
Viet Nam,VNM,162,3,59,52.0,26.0,2.0,0.2290748898678414,165,3899.968,0.051553553980477285,147,14898.0,0.10941378651899943,165,1199.2999999999997,0.15712410354233433,160,141.0,0.12082262210796917,161,Asia,South-eastern Asia,Developing,205.276,2171.0,0.002713536969251146,96.49,0.012641461478195476,331.0,0.002430927865336878,8.0,0.006855184233076264,174978.0,176581.0,1712.6161850386795,2.6,5050.0,8250.0
Haiti,HTI,143,22,11,52.0,194.0,0.3,0.2290748898678414,165,5914.505000000003,0.07818365504160617,128,16697.0,0.12262598962999957,151,1351.91,0.1771180245309073,143,172.0,0.14738646101113964,136,Americas,Latin America and the Caribbean,Least Developed,7.647,705.0,0.00010108545180081215,11.11,0.001455556399862698,28.0,0.00020563740250583863,1.0,0.000856898029134533,3405.0,982.0,573.6890283771413,15.9,255.0,511.0
Jordan,JOR,163,5,46,51.0,139.0,0.4,0.22466960352422907,168,3780.8460000000005,0.049978884019784675,151,15291.0,0.11230005434702779,163,1045.0,0.1369087702841152,171,155.0,0.13281919451585258,146,Asia,Western Asia,Developing,38.655,4088.0,0.0005109792257565573,9.9,0.0012970304553231965,89.0,0.0006536331722507014,5.0,0.004284490145672665,19207.0,7509.0,691.1395679730953,12.5,4207.0,4943.0
Algeria,DZA,161,7,41,51.0,8.0,6.4,0.22466960352422907,168,3062.2820000000006,0.04048020916849675,169,17161.0,0.12603369515723917,146,1028.91,0.13480076826127177,172,164.0,0.1405312767780634,139,Africa,Northern Africa,Developing,159.049,3917.0,0.002102463714328151,42.01,0.005503863578598735,2382.0,0.01749386759888956,7.0,0.005998286203941731,47091.0,29992.0,484.6493847807908,10.0,2070.0,243.0
Central African Republic,CAF,178,-8,148,50.0,17.0,2.9,0.22026431718061673,170,2283.3749999999995,0.03018386210352811,179,12297.0,0.09031154066479635,181,896.28,0.11742449055526008,180,127.0,0.10882604970008568,177,Africa,Sub-Saharan Africa,Least Developed,1.81,394.0,2.3926332909568454e-05,4.74,0.0006210024604274699,623.0,0.00457543220575491,2.0,0.001713796058269066,401.0,88.0,270.16574585635357,6.3,54.0,
Angola,AGO,165,5,46,50.0,12.0,4.2,0.22026431718061673,170,3345.458000000001,0.044223503780651416,166,16752.0,0.12302992024206458,150,1191.1899999999998,0.15606158667438771,164,143.0,0.12253641816623823,158,Africa,Sub-Saharan Africa,Least Developed,106.918,3711.0,0.0014133456696272045,30.77,0.004031275465686338,1247.0,0.009158208604456456,1.0,0.000856898029134533,7331.0,21161.0,266.48459567144914,9.9,425.0,628.0
Egypt,EGY,173,-3,114,50.0,113.0,0.4,0.22026431718061673,170,2939.1730000000002,0.038852835180560805,171,14189.0,0.10420675371983373,173,1006.91,0.13191847836055354,173,135.0,0.11568123393316196,168,Africa,Northern Africa,Developing,270.144,2823.0,0.0035710250152057796,99.38,0.013020089560608007,1002.0,0.007358881332530368,7.0,0.005998286203941731,58053.0,22507.0,298.21132433072734,11.9,14051.0,3305.0
Cameroon,CMR,177,-4,123,49.0,8.0,6.1,0.21585903083700442,173,2224.378999999999,0.029403995840360762,182,14400.0,0.10575637843157416,170,1003.3,0.13144552079048114,174,109.0,0.0934018851756641,185,Africa,Sub-Saharan Africa,Developing,32.217,1374.0,0.0004258755068218601,24.68,0.0032334052158966148,476.0,0.003495835842599257,2.0,0.001713796058269066,4899.0,2984.0,244.68448334730112,4.1,573.0,
Myanmar,MMR,174,-1,94,49.0,15.0,3.3,0.21585903083700442,173,3283.294,0.0434017598254081,168,13624.0,0.10005728470498378,178,1144.96,0.15000484748756032,168,128.0,0.10968294772922021,174,Asia,South-eastern Asia,Least Developed,65.698,1242.0,0.0008684597897750431,53.86,0.0070563697296674105,677.0,0.004972018624873313,1.0,0.000856898029134533,15696.0,11673.0,416.58802398855374,0.8,792.0,2269.0
Nigeria,NGA,184,-9,157,48.0,19.0,2.5,0.21145374449339208,175,1361.9759999999997,0.018003917784995802,193,14760.0,0.10840028789236351,167,794.3699999999999,0.10407293765606945,186,108.0,0.09254498714652955,186,Africa,Sub-Saharan Africa,Developing,404.649,2176.0,0.005349042367692799,195.88,0.025662861170576538,924.0,0.006786034282692675,2.0,0.001713796058269066,35194.0,32883.0,168.23716356644894,3.9,1555.0,1085.0
Congo,COG,175,0,78,48.0,15.0,3.2,0.21145374449339208,175,2028.1809999999996,0.02681046066677429,185,16325.0,0.11989394985385056,156,996.9700000000001,0.13061620737813812,175,125.0,0.1071122536418166,178,Africa,Sub-Saharan Africa,Developing,7.778,1517.0,0.00010281713666885272,5.4,0.0007074711574490163,342.0,0.0025117139877498863,1.0,0.000856898029134533,9793.0,2540.0,1585.6261249678582,14.6,194.0,
Liberia,LBR,172,3,59,48.0,16.0,3.0,0.21145374449339208,175,3636.8309999999988,0.048075154277258975,157,14389.0,0.10567559230916115,171,1098.87,0.14396645014555565,170,125.0,0.1071122536418166,178,Africa,Sub-Saharan Africa,Least Developed,2.757,598.0,3.644469603960234e-05,4.85,0.0006354139099310609,111.0,0.0008152054170767174,,,761.0,649.0,511.42546245919476,2.3,,
Burundi,BDI,170,8,36,47.0,7.0,6.7,0.20704845814977973,178,2864.569,0.037866647257695916,173,15595.0,0.11453268900280549,161,1191.5499999999997,0.15610875141821765,163,128.0,0.10968294772922023,174,Africa,Sub-Saharan Africa,Least Developed,2.874,273.0,3.7991315349226376e-05,11.22,0.0014699678493662893,28.0,0.00020563740250583863,,,625.0,123.0,260.2644398051496,1.6,142.0,2.0
Djibouti,DJI,182,-3,114,46.0,197.0,0.2,0.2026431718061674,179,2292.698,0.030307102546465074,178,10975.0,0.0806025175893421,187,896.5400000000001,0.11745855398135946,179,119.0,0.10197086546700942,180,Africa,Sub-Saharan Africa,Least Developed,1.892,2007.0,2.5010288323151113e-05,0.97,0.00012708278198621218,23.0,0.00016891643777265316,,,987.0,134.0,592.4947145877379,6.2,51.0,34.0
Kosovo,,186,-6,141,45.0,111.0,0.4,0.19823788546255505,180,2106.77,0.0278493261789456,184,9568.0,0.07026923811342371,189,708.12,0.09277305111348101,189,128.0,0.10968294772922021,174,Europe,Southern Europe,,,,,,,,,,,,,,,,
Sri Lanka,LKA,191,-10,159,44.0,179.0,0.2,0.19383259911894274,181,1719.4749999999995,0.02272968578987858,188,8365.0,0.0614341739986193,193,619.0899999999999,0.08110894793798361,193,79.0,0.0676949443016281,193,Asia,Southern Asia,Developing,81.322,3910.0,0.001074992952967915,20.95,0.002744726064547572,66.0,0.0004847167344780482,8.0,0.006855184233076264,19501.0,10546.0,369.4818130395219,4.9,654.0,4591.0
Congo (Democratic Republic of the),COD,183,-2,106,44.0,8.0,5.5,0.19383259911894274,181,1848.0559999999998,0.02442939397321848,187,13760.0,0.10105609494572641,175,917.09,0.1201508747749849,177,111.0,0.09511568123393317,184,Africa,Sub-Saharan Africa,Least Developed,40.337,512.0,0.0005332135307034602,84.01,0.011006417025424419,2345.0,0.017222132459863985,5.0,0.004284490145672665,5907.0,5114.0,273.2230954210774,3.7,81.0,4.0
Ethiopia,ETH,185,-2,106,43.0,43.0,1.0,0.1894273127753304,183,2199.3299999999995,0.02907287389944817,183,11097.0,0.08149850912883182,186,898.1899999999998,0.11767472572391333,178,112.0,0.09597257926306771,183,Africa,Sub-Saharan Africa,Least Developed,70.315,687.0,0.0009294917671471303,107.53,0.014087846955646799,1104.0,0.008107989013087352,9.0,0.007712082262210797,19121.0,1724.0,296.4516817179834,5.2,468.0,2138.0
Iran (Islamic Republic of),IRN,181,2,64,43.0,184.0,0.2,0.1894273127753304,183,2761.1449999999986,0.036499488663862094,175,11647.0,0.08553781524948222,182,669.9,0.08776572747686961,191,138.0,0.11825192802056557,165,Asia,Southern Asia,Developing,425.403,5299.0,0.005623388839076878,82.01,0.010744390670813671,1629.0,0.011963690310071827,23.0,0.01970865467009426,35342.0,45629.0,190.33951335557106,13.5,2938.0,
Korea (Democratic People's Republic of),PRK,188,-5,131,43.0,1.0,43.0,0.1894273127753304,183,1413.3609999999996,0.018683174479226843,192,11224.0,0.08243122163305475,185,831.9900000000001,0.1090016533862976,182,107.0,0.09168808911739501,187,Asia,Eastern Asia,Developing,16.789,665.0,0.00022193326144682033,25.61,0.0033552474707906122,121.0,0.0008886473465430884,2.0,0.001713796058269066,2758.0,1010.0,224.43266424444576,4.6,,
Libya,LBY,176,10,26,42.0,3.0,14.0,0.18502202643171806,186,2535.2260000000006,0.03351307252872575,176,15708.0,0.11536258280577545,160,888.6800000000001,0.11642879040773924,181,131.0,0.11225364181662384,173,Africa,Northern Africa,Developing,42.96,6826.0,0.0005678868849696469,6.47,0.0008476552571657657,1676.0,0.01230886737856377,5.0,0.004284490145672665,8789.0,4902.0,318.6918063314711,18.6,,
Lebanon,LBN,179,7,41,42.0,103.0,0.4,0.18502202643171806,186,3338.2100000000005,0.04412769269726548,167,11274.0,0.08279843128038658,184,822.4300000000001,0.10774916741125823,185,135.0,0.11568123393316196,168,Asia,Western Asia,Developing,50.458,8400.0,0.0006670027104701686,6.09,0.0007978702497897238,10.0,7.344192946637094e-05,5.0,0.004284490145672665,18703.0,2977.0,429.6642752388125,6.3,2168.0,7153.0
South Sudan,SSD,189,-3,114,42.0,8.0,5.2,0.18502202643171806,186,1902.7809999999995,0.02515280202210032,186,11587.0,0.085097163672684,183,662.35,0.08677657798821406,192,105.0,0.08997429305912598,188,Africa,Sub-Saharan Africa,Least Developed,6.534,534.0,8.637273990669629e-05,12.92,0.001692690250785424,659.0,0.004839823151833845,,,750.0,2389.0,480.41016222834406,12.1,,
Bangladesh,BGD,193,-7,144,42.0,169.0,0.2,0.18502202643171806,186,1527.4289999999999,0.020191035773331072,191,7710.0,0.056623727618572005,195,728.0200000000001,0.09538021334185794,188,63.0,0.053984575835475564,195,Asia,Southern Asia,Least Developed,220.837,1355.0,0.002919237337431143,166.37,0.02179666230829497,148.0,0.0010869405561022899,3.0,0.002570694087403599,50210.0,32013.0,372.324384047963,3.4,303.0,175.0
Nepal,NPL,147,43,1,41.0,187.0,0.2,0.18061674008810572,190,4985.300000000002,0.06590052345528817,135,14532.0,0.10672581190053025,169,2585.0,0.3386690633343902,76,136.0,0.11653813196229648,166,Asia,Southern Asia,Least Developed,20.914,722.0,0.00027646150633741143,29.62,0.00388061031178516,147.0,0.0010795963631556528,4.0,0.003427592116538132,8879.0,729.0,459.40518313091707,2.1,603.0,498.0
Sudan,SDN,190,1,71,40.0,10.0,4.0,0.1762114537444934,191,1584.3299999999995,0.020943208297578234,190,9491.0,0.06970373525653265,190,736.2800000000001,0.09646238218640031,187,100.0,0.0856898029134533,189,Africa,Northern Africa,Least Developed,82.887,2094.0,0.0010956806386051936,41.51,0.005438356989946049,,,3.0,0.002570694087403599,7365.0,5455.0,154.66840397167226,12.9,495.0,1009.0
"Palestine, State of",PSE,187,4,53,40.0,102.0,0.4,0.1762114537444934,191,2925.7740000000003,0.038675714222187706,172,10398.0,0.07636491825913248,188,831.1299999999999,0.10888898205381498,183,98.0,0.08397600685518423,190,Asia,Western Asia,Developing,13.397,2796.0,0.00017709452043618155,5.05,0.0006616165453921355,6.0,4.406515767982257e-05,3.0,0.002570694087403599,5364.0,926.0,469.50809882809585,23.7,522.0,284.0
Eritrea,ERI,192,1,71,39.0,3.0,13.0,0.17180616740088106,193,1663.301,0.021987123455700617,189,9437.0,0.06930714883741425,191,702.07,0.09198042139078351,190,84.0,0.07197943444730077,191,Africa,Sub-Saharan Africa,Least Developed,5.414,1093.0,7.156749523337216e-05,5.19,0.0006799583902148879,118.0,0.0008666147677031771,1.0,0.000856898029134533,3326.0,16.0,617.2885112670854,6.8,84.0,48.0
Yemen,YEM,195,-1,94,38.0,14.0,2.7,0.16740088105726872,194,947.4129999999999,0.01252382256400717,195,7738.0,0.056829365021077834,194,468.06000000000006,0.06132202776955306,195,79.0,0.0676949443016281,193,Asia,Western Asia,Least Developed,25.374,920.0,0.0003354181056615414,28.92,0.0037889010876713983,528.0,0.0038777338758243856,4.0,0.003427592116538132,3311.0,24.0,131.43375108378655,17.8,1025.0,
Pakistan,PAK,196,-1,94,34.0,6.0,5.7,0.14977973568281938,195,753.069,0.009954795357942435,198,7399.0,0.05433968361216786,196,542.82,0.07111657290490278,194,55.0,0.047129391602399304,197,Asia,Southern Asia,Developing,282.506,1462.0,0.003734437903287594,200.81,0.026308756134692027,796.0,0.005845977585523127,6.0,0.005141388174807198,46998.0,20534.0,239.04625034512543,0.7,907.0,879.0
Syrian Arab Republic,SYR,194,2,64,33.0,27.0,1.2,0.14537444933920704,196,1227.04,0.016220203057103245,194,8593.0,0.06310864999045254,192,467.06999999999994,0.06119232472402074,196,83.0,0.07112253641816624,192,Asia,Western Asia,Developing,22.163,1203.0,0.00029297199794185946,18.28,0.0023949208811422256,185.0,0.0013586756951278623,6.0,0.005141388174807198,2383.0,1265.0,164.59865541668546,8.6,8546.0,
Somalia,SOM,197,-1,94,33.0,199.0,0.2,0.14537444933920704,196,893.4779999999998,0.011810857500207404,197,5949.0,0.04369060383954408,198,435.98,0.05711912504159669,197,52.0,0.04455869751499571,198,Africa,Sub-Saharan Africa,Least Developed,1.318,92.0,1.74226004280725e-05,15.18,0.0019887800314955678,638.0,0.004685595099954466,,,530.0,925.0,1103.9453717754172,6.0,,
Iraq,IRQ,197,1,71,31.0,2.0,15.5,0.13656387665198239,198,912.5559999999999,0.012063048980455331,196,6752.0,0.049587990775693654,197,356.64,0.046724539554188364,199,60.0,0.051413881748071974,196,Asia,Western Asia,Developing,160.021,4301.0,0.0021153125516696425,39.34,0.005154058395193389,435.0,0.0031947239317871357,5.0,0.004284490145672665,45831.0,43774.0,559.9577555445849,11.2,1518.0,2479.0
Afghanistan,AFG,199,-1,94,31.0,1.0,31.0,0.13656387665198239,198,461.1469999999999,0.006095887647651248,199,5886.0,0.043227919683905935,199,417.72,0.054726824424000585,198,41.0,0.03513281919451585,199,Asia,Southern Asia,Least Developed,20.235,584.0,0.00026748582675420864,36.37,0.004764949258596429,653.0,0.0047957579941540224,2.0,0.001713796058269066,6534.0,596.0,352.3597726711144,7.8,,
